STATE/UT,YEAR,DETAILS,Male,Female,Total
ANDHRA PRADESH,2001,Parole released - Number of persons released on parole,344,0,344
ANDHRA PRADESH,2001,Parole released - Number of parole absconders,10,0,10
ANDHRA PRADESH,2001,Parole released - Number of parole absconders rearrested,2,0,2
ANDHRA PRADESH,2002,Parole released - Number of persons released on parole,285,1,286
ANDHRA PRADESH,2002,Parole released - Number of parole absconders,70,0,70
ANDHRA PRADESH,2002,Parole released - Number of parole absconders rearrested,4,0,4
ANDHRA PRADESH,2003,Parole released - Number of persons released on parole,517,0,517
ANDHRA PRADESH,2003,Parole released - Number of parole absconders,2,0,2
ANDHRA PRADESH,2003,Parole released - Number of parole absconders rearrested,0,0,0
ANDHRA PRADESH,2004,Parole released - Number of persons released on parole,389,1,390
ANDHRA PRADESH,2004,Parole released - Number of parole absconders,4,0,4
ANDHRA PRADESH,2004,Parole released - Number of parole absconders rearrested,2,0,2
ANDHRA PRADESH,2005,Parole released - Number of persons released on parole,328,2,330
ANDHRA PRADESH,2005,Parole released - Number of parole absconders,7,0,7
ANDHRA PRADESH,2005,Parole released - Number of parole absconders rearrested,3,0,3
ANDHRA PRADESH,2006,Parole released - Number of persons released on parole,400,1,401
ANDHRA PRADESH,2006,Parole released - Number of parole absconders,2,0,2
ANDHRA PRADESH,2006,Parole released - Number of parole absconders rearrested,28,0,28
ANDHRA PRADESH,2007,Parole released - Number of persons released on parole,364,1,365
ANDHRA PRADESH,2007,Parole released - Number of parole absconders,5,0,5
ANDHRA PRADESH,2007,Parole released - Number of parole absconders rearrested,5,0,5
ANDHRA PRADESH,2008,Parole released - Number of persons released on parole,685,0,685
ANDHRA PRADESH,2008,Parole released - Number of parole absconders,4,0,4
ANDHRA PRADESH,2008,Parole released - Number of parole absconders rearrested,2,0,2
ANDHRA PRADESH,2009,Parole released - Number of persons released on parole,656,1,657
ANDHRA PRADESH,2009,Parole released - Number of parole absconders,3,0,3
ANDHRA PRADESH,2009,Parole released - Number of parole absconders rearrested,3,0,3
ANDHRA PRADESH,2010,Parole released - Number of persons released on parole,603,2,605
ANDHRA PRADESH,2010,Parole released - Number of parole absconders,2,0,2
ANDHRA PRADESH,2010,Parole released - Number of parole absconders rearrested,0,0,0
ANDHRA PRADESH,2011,Parole released - Number of persons released on parole,451,4,455
ANDHRA PRADESH,2011,Parole released - Number of parole absconders,2,0,2
ANDHRA PRADESH,2011,Parole released - Number of parole absconders rearrested,3,0,3
ANDHRA PRADESH,2012,Parole released - Number of persons released on parole,659,9,668
ANDHRA PRADESH,2012,Parole released - Number of parole absconders,5,0,5
ANDHRA PRADESH,2012,Parole released - Number of parole absconders rearrested,5,0,5
ARUNACHAL PRADESH,2009,Parole released - Number of persons released on parole,0,0,0
ARUNACHAL PRADESH,2009,Parole released - Number of parole absconders,0,0,0
ARUNACHAL PRADESH,2009,Parole released - Number of parole absconders rearrested,0,0,0
ARUNACHAL PRADESH,2010,Parole released - Number of persons released on parole,0,0,0
ARUNACHAL PRADESH,2010,Parole released - Number of parole absconders,0,0,0
ARUNACHAL PRADESH,2010,Parole released - Number of parole absconders rearrested,0,0,0
ARUNACHAL PRADESH,2011,Parole released - Number of persons released on parole,0,0,0
ARUNACHAL PRADESH,2011,Parole released - Number of parole absconders,0,0,0
ARUNACHAL PRADESH,2011,Parole released - Number of parole absconders rearrested,0,0,0
ARUNACHAL PRADESH,2012,Parole released - Number of persons released on parole,0,0,0
ARUNACHAL PRADESH,2012,Parole released - Number of parole absconders,0,0,0
ARUNACHAL PRADESH,2012,Parole released - Number of parole absconders rearrested,0,0,0
ASSAM,2001,Parole released - Number of persons released on parole,286,4,290
ASSAM,2001,Parole released - Number of parole absconders,0,0,0
ASSAM,2001,Parole released - Number of parole absconders rearrested,0,0,0
ASSAM,2002,Parole released - Number of persons released on parole,311,0,311
ASSAM,2002,Parole released - Number of parole absconders,5,0,5
ASSAM,2002,Parole released - Number of parole absconders rearrested,1,0,1
ASSAM,2003,Parole released - Number of persons released on parole,405,2,407
ASSAM,2003,Parole released - Number of parole absconders,1,0,1
ASSAM,2003,Parole released - Number of parole absconders rearrested,0,0,0
ASSAM,2004,Parole released - Number of persons released on parole,372,0,372
ASSAM,2004,Parole released - Number of parole absconders,3,0,3
ASSAM,2004,Parole released - Number of parole absconders rearrested,1,0,1
ASSAM,2005,Parole released - Number of persons released on parole,310,3,313
ASSAM,2005,Parole released - Number of parole absconders,0,0,0
ASSAM,2005,Parole released - Number of parole absconders rearrested,0,0,0
ASSAM,2006,Parole released - Number of persons released on parole,316,4,320
ASSAM,2006,Parole released - Number of parole absconders,2,0,2
ASSAM,2006,Parole released - Number of parole absconders rearrested,1,0,1
ASSAM,2007,Parole released - Number of persons released on parole,318,6,324
ASSAM,2007,Parole released - Number of parole absconders,6,0,6
ASSAM,2007,Parole released - Number of parole absconders rearrested,0,0,0
ASSAM,2008,Parole released - Number of persons released on parole,376,6,382
ASSAM,2008,Parole released - Number of parole absconders,5,0,5
ASSAM,2008,Parole released - Number of parole absconders rearrested,2,0,2
ASSAM,2009,Parole released - Number of persons released on parole,367,6,373
ASSAM,2009,Parole released - Number of parole absconders,7,1,8
ASSAM,2009,Parole released - Number of parole absconders rearrested,0,0,0
ASSAM,2010,Parole released - Number of persons released on parole,238,6,244
ASSAM,2010,Parole released - Number of parole absconders,4,0,4
ASSAM,2010,Parole released - Number of parole absconders rearrested,5,0,5
ASSAM,2011,Parole released - Number of persons released on parole,138,0,138
ASSAM,2011,Parole released - Number of parole absconders,0,0,0
ASSAM,2011,Parole released - Number of parole absconders rearrested,3,0,3
ASSAM,2012,Parole released - Number of persons released on parole,139,4,143
ASSAM,2012,Parole released - Number of parole absconders,0,0,0
ASSAM,2012,Parole released - Number of parole absconders rearrested,1,0,1
BIHAR,2001,Parole released - Number of persons released on parole,3,0,3
BIHAR,2001,Parole released - Number of parole absconders,0,0,0
BIHAR,2001,Parole released - Number of parole absconders rearrested,0,0,0
BIHAR,2002,Parole released - Number of persons released on parole,12,0,12
BIHAR,2002,Parole released - Number of parole absconders,0,0,0
BIHAR,2002,Parole released - Number of parole absconders rearrested,0,0,0
BIHAR,2003,Parole released - Number of persons released on parole,2,0,2
BIHAR,2003,Parole released - Number of parole absconders,0,0,0
BIHAR,2003,Parole released - Number of parole absconders rearrested,0,0,0
BIHAR,2004,Parole released - Number of persons released on parole,13,0,13
BIHAR,2004,Parole released - Number of parole absconders,1,0,1
BIHAR,2004,Parole released - Number of parole absconders rearrested,0,0,0
BIHAR,2005,Parole released - Number of persons released on parole,14,0,14
BIHAR,2005,Parole released - Number of parole absconders,0,0,0
BIHAR,2005,Parole released - Number of parole absconders rearrested,0,0,0
BIHAR,2006,Parole released - Number of persons released on parole,11,0,11
BIHAR,2006,Parole released - Number of parole absconders,0,0,0
BIHAR,2006,Parole released - Number of parole absconders rearrested,0,0,0
BIHAR,2007,Parole released - Number of persons released on parole,9,0,9
BIHAR,2007,Parole released - Number of parole absconders,0,0,0
BIHAR,2007,Parole released - Number of parole absconders rearrested,0,0,0
BIHAR,2008,Parole released - Number of persons released on parole,5,0,5
BIHAR,2008,Parole released - Number of parole absconders,0,0,0
BIHAR,2008,Parole released - Number of parole absconders rearrested,0,0,0
BIHAR,2009,Parole released - Number of persons released on parole,8,0,8
BIHAR,2009,Parole released - Number of parole absconders,0,0,0
BIHAR,2009,Parole released - Number of parole absconders rearrested,0,0,0
BIHAR,2010,Parole released - Number of persons released on parole,12,0,12
BIHAR,2010,Parole released - Number of parole absconders,0,0,0
BIHAR,2010,Parole released - Number of parole absconders rearrested,0,0,0
BIHAR,2011,Parole released - Number of persons released on parole,6,0,6
BIHAR,2011,Parole released - Number of parole absconders,0,0,0
BIHAR,2011,Parole released - Number of parole absconders rearrested,0,0,0
BIHAR,2012,Parole released - Number of persons released on parole,15,0,15
BIHAR,2012,Parole released - Number of parole absconders,0,0,0
BIHAR,2012,Parole released - Number of parole absconders rearrested,0,0,0
CHHATTISGARH,2012,Parole released - Number of persons released on parole,426,4,430
CHHATTISGARH,2012,Parole released - Number of parole absconders,0,0,0
CHHATTISGARH,2012,Parole released - Number of parole absconders rearrested,0,0,0
CHHATTISGARH,2001,Parole released - Number of persons released on parole,128,2,130
CHHATTISGARH,2001,Parole released - Number of parole absconders,1,0,1
CHHATTISGARH,2001,Parole released - Number of parole absconders rearrested,0,0,0
CHHATTISGARH,2002,Parole released - Number of persons released on parole,290,2,292
CHHATTISGARH,2002,Parole released - Number of parole absconders,2,0,2
CHHATTISGARH,2002,Parole released - Number of parole absconders rearrested,0,0,0
CHHATTISGARH,2003,Parole released - Number of persons released on parole,76,4,80
CHHATTISGARH,2003,Parole released - Number of parole absconders,111,1,112
CHHATTISGARH,2003,Parole released - Number of parole absconders rearrested,0,0,0
CHHATTISGARH,2004,Parole released - Number of persons released on parole,248,5,253
CHHATTISGARH,2004,Parole released - Number of parole absconders,0,0,0
CHHATTISGARH,2004,Parole released - Number of parole absconders rearrested,0,0,0
CHHATTISGARH,2005,Parole released - Number of persons released on parole,314,5,319
CHHATTISGARH,2005,Parole released - Number of parole absconders,1,0,1
CHHATTISGARH,2005,Parole released - Number of parole absconders rearrested,1,0,1
CHHATTISGARH,2006,Parole released - Number of persons released on parole,281,4,285
CHHATTISGARH,2006,Parole released - Number of parole absconders,1,0,1
CHHATTISGARH,2006,Parole released - Number of parole absconders rearrested,0,0,0
CHHATTISGARH,2007,Parole released - Number of persons released on parole,189,5,194
CHHATTISGARH,2007,Parole released - Number of parole absconders,5,0,5
CHHATTISGARH,2007,Parole released - Number of parole absconders rearrested,0,0,0
CHHATTISGARH,2008,Parole released - Number of persons released on parole,216,1,217
CHHATTISGARH,2008,Parole released - Number of parole absconders,1,0,1
CHHATTISGARH,2008,Parole released - Number of parole absconders rearrested,1,0,1
CHHATTISGARH,2009,Parole released - Number of persons released on parole,514,12,526
CHHATTISGARH,2009,Parole released - Number of parole absconders,0,0,0
CHHATTISGARH,2009,Parole released - Number of parole absconders rearrested,0,0,0
CHHATTISGARH,2010,Parole released - Number of persons released on parole,186,3,189
CHHATTISGARH,2010,Parole released - Number of parole absconders,94,0,94
CHHATTISGARH,2010,Parole released - Number of parole absconders rearrested,3,0,3
CHHATTISGARH,2011,Parole released - Number of persons released on parole,286,4,290
CHHATTISGARH,2011,Parole released - Number of parole absconders,1,0,1
CHHATTISGARH,2011,Parole released - Number of parole absconders rearrested,0,0,0
GOA,2001,Parole released - Number of persons released on parole,24,3,27
GOA,2001,Parole released - Number of parole absconders,0,0,0
GOA,2001,Parole released - Number of parole absconders rearrested,0,0,0
GOA,2002,Parole released - Number of persons released on parole,9,2,11
GOA,2002,Parole released - Number of parole absconders,1,0,1
GOA,2002,Parole released - Number of parole absconders rearrested,0,0,0
GOA,2003,Parole released - Number of persons released on parole,21,1,22
GOA,2003,Parole released - Number of parole absconders,3,0,3
GOA,2003,Parole released - Number of parole absconders rearrested,0,0,0
GOA,2004,Parole released - Number of persons released on parole,22,0,22
GOA,2004,Parole released - Number of parole absconders,1,0,1
GOA,2004,Parole released - Number of parole absconders rearrested,0,0,0
GOA,2005,Parole released - Number of persons released on parole,13,0,13
GOA,2005,Parole released - Number of parole absconders,0,0,0
GOA,2005,Parole released - Number of parole absconders rearrested,0,0,0
GOA,2006,Parole released - Number of persons released on parole,20,1,21
GOA,2006,Parole released - Number of parole absconders,4,0,4
GOA,2006,Parole released - Number of parole absconders rearrested,0,0,0
GOA,2007,Parole released - Number of persons released on parole,24,1,25
GOA,2007,Parole released - Number of parole absconders,3,0,3
GOA,2007,Parole released - Number of parole absconders rearrested,0,0,0
GOA,2008,Parole released - Number of persons released on parole,0,0,0
GOA,2008,Parole released - Number of parole absconders,16,1,17
GOA,2008,Parole released - Number of parole absconders rearrested,0,0,0
GOA,2009,Parole released - Number of persons released on parole,11,0,11
GOA,2009,Parole released - Number of parole absconders,0,0,0
GOA,2009,Parole released - Number of parole absconders rearrested,0,0,0
GOA,2010,Parole released - Number of persons released on parole,12,0,12
GOA,2010,Parole released - Number of parole absconders,0,0,0
GOA,2010,Parole released - Number of parole absconders rearrested,0,0,0
GOA,2011,Parole released - Number of persons released on parole,36,1,37
GOA,2011,Parole released - Number of parole absconders,0,0,0
GOA,2011,Parole released - Number of parole absconders rearrested,0,0,0
GOA,2012,Parole released - Number of persons released on parole,46,0,46
GOA,2012,Parole released - Number of parole absconders,0,0,0
GOA,2012,Parole released - Number of parole absconders rearrested,0,0,0
GUJARAT,2001,Parole released - Number of persons released on parole,255,6,261
GUJARAT,2001,Parole released - Number of parole absconders,33,0,33
GUJARAT,2001,Parole released - Number of parole absconders rearrested,5,0,5
GUJARAT,2002,Parole released - Number of persons released on parole,356,6,362
GUJARAT,2002,Parole released - Number of parole absconders,11,0,11
GUJARAT,2002,Parole released - Number of parole absconders rearrested,0,0,0
GUJARAT,2003,Parole released - Number of persons released on parole,450,16,466
GUJARAT,2003,Parole released - Number of parole absconders,26,0,26
GUJARAT,2003,Parole released - Number of parole absconders rearrested,9,0,9
GUJARAT,2004,Parole released - Number of persons released on parole,507,35,542
GUJARAT,2004,Parole released - Number of parole absconders,14,0,14
GUJARAT,2004,Parole released - Number of parole absconders rearrested,15,0,15
GUJARAT,2005,Parole released - Number of persons released on parole,565,34,599
GUJARAT,2005,Parole released - Number of parole absconders,56,0,56
GUJARAT,2005,Parole released - Number of parole absconders rearrested,35,0,35
GUJARAT,2006,Parole released - Number of persons released on parole,1473,3,1476
GUJARAT,2006,Parole released - Number of parole absconders,86,0,86
GUJARAT,2006,Parole released - Number of parole absconders rearrested,16,0,16
GUJARAT,2007,Parole released - Number of persons released on parole,2121,118,2239
GUJARAT,2007,Parole released - Number of parole absconders,55,0,55
GUJARAT,2007,Parole released - Number of parole absconders rearrested,13,0,13
GUJARAT,2008,Parole released - Number of persons released on parole,536,56,592
GUJARAT,2008,Parole released - Number of parole absconders,14,1,15
GUJARAT,2008,Parole released - Number of parole absconders rearrested,16,0,16
GUJARAT,2009,Parole released - Number of persons released on parole,677,98,775
GUJARAT,2009,Parole released - Number of parole absconders,43,2,45
GUJARAT,2009,Parole released - Number of parole absconders rearrested,14,0,14
GUJARAT,2010,Parole released - Number of persons released on parole,813,110,923
GUJARAT,2010,Parole released - Number of parole absconders,19,0,19
GUJARAT,2010,Parole released - Number of parole absconders rearrested,34,3,37
GUJARAT,2011,Parole released - Number of persons released on parole,2510,105,2615
GUJARAT,2011,Parole released - Number of parole absconders,44,0,44
GUJARAT,2011,Parole released - Number of parole absconders rearrested,39,0,39
GUJARAT,2012,Parole released - Number of persons released on parole,784,34,818
GUJARAT,2012,Parole released - Number of parole absconders,26,0,26
GUJARAT,2012,Parole released - Number of parole absconders rearrested,13,0,13
HARYANA,2001,Parole released - Number of persons released on parole,2642,115,2757
HARYANA,2001,Parole released - Number of parole absconders,48,1,49
HARYANA,2001,Parole released - Number of parole absconders rearrested,6,0,6
HARYANA,2002,Parole released - Number of persons released on parole,3778,119,3897
HARYANA,2002,Parole released - Number of parole absconders,72,0,72
HARYANA,2002,Parole released - Number of parole absconders rearrested,9,0,9
HARYANA,2003,Parole released - Number of persons released on parole,4565,165,4730
HARYANA,2003,Parole released - Number of parole absconders,58,0,58
HARYANA,2003,Parole released - Number of parole absconders rearrested,11,0,11
HARYANA,2004,Parole released - Number of persons released on parole,3739,116,3855
HARYANA,2004,Parole released - Number of parole absconders,188,0,188
HARYANA,2004,Parole released - Number of parole absconders rearrested,27,0,27
HARYANA,2005,Parole released - Number of persons released on parole,4083,122,4205
HARYANA,2005,Parole released - Number of parole absconders,54,0,54
HARYANA,2005,Parole released - Number of parole absconders rearrested,24,0,24
HARYANA,2006,Parole released - Number of persons released on parole,4525,19,4544
HARYANA,2006,Parole released - Number of parole absconders,76,0,76
HARYANA,2006,Parole released - Number of parole absconders rearrested,16,0,16
HARYANA,2007,Parole released - Number of persons released on parole,3376,81,3457
HARYANA,2007,Parole released - Number of parole absconders,62,0,62
HARYANA,2007,Parole released - Number of parole absconders rearrested,28,0,28
HARYANA,2008,Parole released - Number of persons released on parole,3222,96,3318
HARYANA,2008,Parole released - Number of parole absconders,84,0,84
HARYANA,2008,Parole released - Number of parole absconders rearrested,17,0,17
HARYANA,2009,Parole released - Number of persons released on parole,3505,94,3599
HARYANA,2009,Parole released - Number of parole absconders,179,0,179
HARYANA,2009,Parole released - Number of parole absconders rearrested,42,0,42
HARYANA,2010,Parole released - Number of persons released on parole,3809,88,3897
HARYANA,2010,Parole released - Number of parole absconders,57,0,57
HARYANA,2010,Parole released - Number of parole absconders rearrested,29,0,29
HARYANA,2011,Parole released - Number of persons released on parole,4194,119,4313
HARYANA,2011,Parole released - Number of parole absconders,80,1,81
HARYANA,2011,Parole released - Number of parole absconders rearrested,41,0,41
HARYANA,2012,Parole released - Number of persons released on parole,4264,104,4368
HARYANA,2012,Parole released - Number of parole absconders,78,0,78
HARYANA,2012,Parole released - Number of parole absconders rearrested,47,0,47
HIMACHAL PRADESH,2001,Parole released - Number of persons released on parole,509,10,519
HIMACHAL PRADESH,2001,Parole released - Number of parole absconders,0,0,0
HIMACHAL PRADESH,2001,Parole released - Number of parole absconders rearrested,0,0,0
HIMACHAL PRADESH,2002,Parole released - Number of persons released on parole,456,13,469
HIMACHAL PRADESH,2002,Parole released - Number of parole absconders,4,0,4
HIMACHAL PRADESH,2002,Parole released - Number of parole absconders rearrested,0,0,0
HIMACHAL PRADESH,2003,Parole released - Number of persons released on parole,333,16,349
HIMACHAL PRADESH,2003,Parole released - Number of parole absconders,3,0,3
HIMACHAL PRADESH,2003,Parole released - Number of parole absconders rearrested,3,0,3
HIMACHAL PRADESH,2004,Parole released - Number of persons released on parole,353,6,359
HIMACHAL PRADESH,2004,Parole released - Number of parole absconders,0,0,0
HIMACHAL PRADESH,2004,Parole released - Number of parole absconders rearrested,0,0,0
HIMACHAL PRADESH,2005,Parole released - Number of persons released on parole,353,6,359
HIMACHAL PRADESH,2005,Parole released - Number of parole absconders,0,0,0
HIMACHAL PRADESH,2005,Parole released - Number of parole absconders rearrested,0,0,0
HIMACHAL PRADESH,2006,Parole released - Number of persons released on parole,505,19,524
HIMACHAL PRADESH,2006,Parole released - Number of parole absconders,31,0,31
HIMACHAL PRADESH,2006,Parole released - Number of parole absconders rearrested,15,0,15
HIMACHAL PRADESH,2007,Parole released - Number of persons released on parole,619,18,637
HIMACHAL PRADESH,2007,Parole released - Number of parole absconders,15,0,15
HIMACHAL PRADESH,2007,Parole released - Number of parole absconders rearrested,2,0,2
HIMACHAL PRADESH,2008,Parole released - Number of persons released on parole,492,23,515
HIMACHAL PRADESH,2008,Parole released - Number of parole absconders,21,1,22
HIMACHAL PRADESH,2008,Parole released - Number of parole absconders rearrested,5,0,5
HIMACHAL PRADESH,2009,Parole released - Number of persons released on parole,346,23,369
HIMACHAL PRADESH,2009,Parole released - Number of parole absconders,8,0,8
HIMACHAL PRADESH,2009,Parole released - Number of parole absconders rearrested,4,0,4
HIMACHAL PRADESH,2010,Parole released - Number of persons released on parole,482,24,506
HIMACHAL PRADESH,2010,Parole released - Number of parole absconders,11,0,11
HIMACHAL PRADESH,2010,Parole released - Number of parole absconders rearrested,3,0,3
HIMACHAL PRADESH,2011,Parole released - Number of persons released on parole,445,19,464
HIMACHAL PRADESH,2011,Parole released - Number of parole absconders,27,0,27
HIMACHAL PRADESH,2011,Parole released - Number of parole absconders rearrested,3,0,3
HIMACHAL PRADESH,2012,Parole released - Number of persons released on parole,666,23,689
HIMACHAL PRADESH,2012,Parole released - Number of parole absconders,29,1,30
HIMACHAL PRADESH,2012,Parole released - Number of parole absconders rearrested,7,0,7
JAMMU & KASHMIR,2001,Parole released - Number of persons released on parole,8,0,8
JAMMU & KASHMIR,2001,Parole released - Number of parole absconders,0,0,0
JAMMU & KASHMIR,2001,Parole released - Number of parole absconders rearrested,1,0,1
JAMMU & KASHMIR,2002,Parole released - Number of persons released on parole,17,0,17
JAMMU & KASHMIR,2002,Parole released - Number of parole absconders,0,0,0
JAMMU & KASHMIR,2002,Parole released - Number of parole absconders rearrested,0,0,0
JAMMU & KASHMIR,2003,Parole released - Number of persons released on parole,4,0,4
JAMMU & KASHMIR,2003,Parole released - Number of parole absconders,0,0,0
JAMMU & KASHMIR,2003,Parole released - Number of parole absconders rearrested,0,0,0
JAMMU & KASHMIR,2004,Parole released - Number of persons released on parole,9,0,9
JAMMU & KASHMIR,2004,Parole released - Number of parole absconders,0,0,0
JAMMU & KASHMIR,2004,Parole released - Number of parole absconders rearrested,0,0,0
JAMMU & KASHMIR,2005,Parole released - Number of persons released on parole,4,0,4
JAMMU & KASHMIR,2005,Parole released - Number of parole absconders,0,0,0
JAMMU & KASHMIR,2005,Parole released - Number of parole absconders rearrested,0,0,0
JAMMU & KASHMIR,2006,Parole released - Number of persons released on parole,12,0,12
JAMMU & KASHMIR,2006,Parole released - Number of parole absconders,0,0,0
JAMMU & KASHMIR,2006,Parole released - Number of parole absconders rearrested,0,0,0
JAMMU & KASHMIR,2007,Parole released - Number of persons released on parole,10,0,10
JAMMU & KASHMIR,2007,Parole released - Number of parole absconders,0,0,0
JAMMU & KASHMIR,2007,Parole released - Number of parole absconders rearrested,0,0,0
JAMMU & KASHMIR,2008,Parole released - Number of persons released on parole,15,0,15
JAMMU & KASHMIR,2008,Parole released - Number of parole absconders,0,0,0
JAMMU & KASHMIR,2008,Parole released - Number of parole absconders rearrested,0,0,0
JAMMU & KASHMIR,2009,Parole released - Number of persons released on parole,5,0,5
JAMMU & KASHMIR,2009,Parole released - Number of parole absconders,0,0,0
JAMMU & KASHMIR,2009,Parole released - Number of parole absconders rearrested,0,0,0
JAMMU & KASHMIR,2010,Parole released - Number of persons released on parole,9,0,9
JAMMU & KASHMIR,2010,Parole released - Number of parole absconders,0,0,0
JAMMU & KASHMIR,2010,Parole released - Number of parole absconders rearrested,0,0,0
JAMMU & KASHMIR,2011,Parole released - Number of persons released on parole,5,0,5
JAMMU & KASHMIR,2011,Parole released - Number of parole absconders,0,0,0
JAMMU & KASHMIR,2011,Parole released - Number of parole absconders rearrested,0,0,0
JAMMU & KASHMIR,2012,Parole released - Number of persons released on parole,7,1,8
JAMMU & KASHMIR,2012,Parole released - Number of parole absconders,0,0,0
JAMMU & KASHMIR,2012,Parole released - Number of parole absconders rearrested,0,0,0
JHARKHAND,2001,Parole released - Number of persons released on parole,0,0,0
JHARKHAND,2001,Parole released - Number of parole absconders,0,0,0
JHARKHAND,2001,Parole released - Number of parole absconders rearrested,0,0,0
JHARKHAND,2002,Parole released - Number of persons released on parole,0,0,0
JHARKHAND,2002,Parole released - Number of parole absconders,0,0,0
JHARKHAND,2002,Parole released - Number of parole absconders rearrested,0,0,0
JHARKHAND,2003,Parole released - Number of persons released on parole,0,0,0
JHARKHAND,2003,Parole released - Number of parole absconders,0,0,0
JHARKHAND,2003,Parole released - Number of parole absconders rearrested,0,0,0
JHARKHAND,2004,Parole released - Number of persons released on parole,0,0,0
JHARKHAND,2004,Parole released - Number of parole absconders,0,0,0
JHARKHAND,2004,Parole released - Number of parole absconders rearrested,0,0,0
JHARKHAND,2005,Parole released - Number of persons released on parole,0,0,0
JHARKHAND,2005,Parole released - Number of parole absconders,0,0,0
JHARKHAND,2005,Parole released - Number of parole absconders rearrested,0,0,0
JHARKHAND,2006,Parole released - Number of persons released on parole,0,0,0
JHARKHAND,2006,Parole released - Number of parole absconders,0,0,0
JHARKHAND,2006,Parole released - Number of parole absconders rearrested,0,0,0
JHARKHAND,2007,Parole released - Number of persons released on parole,0,0,0
JHARKHAND,2007,Parole released - Number of parole absconders,0,0,0
JHARKHAND,2007,Parole released - Number of parole absconders rearrested,0,0,0
JHARKHAND,2008,Parole released - Number of persons released on parole,0,0,0
JHARKHAND,2008,Parole released - Number of parole absconders,0,0,0
JHARKHAND,2008,Parole released - Number of parole absconders rearrested,0,0,0
JHARKHAND,2009,Parole released - Number of persons released on parole,0,0,0
JHARKHAND,2009,Parole released - Number of parole absconders,0,0,0
JHARKHAND,2009,Parole released - Number of parole absconders rearrested,0,0,0
JHARKHAND,2010,Parole released - Number of persons released on parole,0,0,0
JHARKHAND,2010,Parole released - Number of parole absconders,0,0,0
JHARKHAND,2010,Parole released - Number of parole absconders rearrested,0,0,0
JHARKHAND,2011,Parole released - Number of persons released on parole,0,0,0
JHARKHAND,2011,Parole released - Number of parole absconders,0,0,0
JHARKHAND,2011,Parole released - Number of parole absconders rearrested,0,0,0
JHARKHAND,2012,Parole released - Number of persons released on parole,0,0,0
JHARKHAND,2012,Parole released - Number of parole absconders,0,0,0
JHARKHAND,2012,Parole released - Number of parole absconders rearrested,1,0,1
KARNATAKA,2001,Parole released - Number of persons released on parole,299,4,303
KARNATAKA,2001,Parole released - Number of parole absconders,2,0,2
KARNATAKA,2001,Parole released - Number of parole absconders rearrested,1,0,1
KARNATAKA,2002,Parole released - Number of persons released on parole,345,2,347
KARNATAKA,2002,Parole released - Number of parole absconders,0,0,0
KARNATAKA,2002,Parole released - Number of parole absconders rearrested,0,0,0
KARNATAKA,2003,Parole released - Number of persons released on parole,391,5,396
KARNATAKA,2003,Parole released - Number of parole absconders,0,0,0
KARNATAKA,2003,Parole released - Number of parole absconders rearrested,0,0,0
KARNATAKA,2004,Parole released - Number of persons released on parole,316,1,317
KARNATAKA,2004,Parole released - Number of parole absconders,0,0,0
KARNATAKA,2004,Parole released - Number of parole absconders rearrested,0,0,0
KARNATAKA,2005,Parole released - Number of persons released on parole,322,3,325
KARNATAKA,2005,Parole released - Number of parole absconders,0,0,0
KARNATAKA,2005,Parole released - Number of parole absconders rearrested,0,0,0
KARNATAKA,2006,Parole released - Number of persons released on parole,441,1,442
KARNATAKA,2006,Parole released - Number of parole absconders,0,0,0
KARNATAKA,2006,Parole released - Number of parole absconders rearrested,0,0,0
KARNATAKA,2007,Parole released - Number of persons released on parole,574,5,579
KARNATAKA,2007,Parole released - Number of parole absconders,0,0,0
KARNATAKA,2007,Parole released - Number of parole absconders rearrested,0,0,0
KARNATAKA,2008,Parole released - Number of persons released on parole,579,5,584
KARNATAKA,2008,Parole released - Number of parole absconders,0,0,0
KARNATAKA,2008,Parole released - Number of parole absconders rearrested,0,0,0
KARNATAKA,2009,Parole released - Number of persons released on parole,663,7,670
KARNATAKA,2009,Parole released - Number of parole absconders,0,0,0
KARNATAKA,2009,Parole released - Number of parole absconders rearrested,0,0,0
KARNATAKA,2010,Parole released - Number of persons released on parole,831,17,848
KARNATAKA,2010,Parole released - Number of parole absconders,13,0,13
KARNATAKA,2010,Parole released - Number of parole absconders rearrested,2,0,2
KARNATAKA,2011,Parole released - Number of persons released on parole,783,14,797
KARNATAKA,2011,Parole released - Number of parole absconders,28,0,28
KARNATAKA,2011,Parole released - Number of parole absconders rearrested,2,0,2
KARNATAKA,2012,Parole released - Number of persons released on parole,891,0,891
KARNATAKA,2012,Parole released - Number of parole absconders,11,0,11
KARNATAKA,2012,Parole released - Number of parole absconders rearrested,3,0,3
KERALA,2001,Parole released - Number of persons released on parole,797,6,803
KERALA,2001,Parole released - Number of parole absconders,0,0,0
KERALA,2001,Parole released - Number of parole absconders rearrested,0,0,0
KERALA,2002,Parole released - Number of persons released on parole,765,4,769
KERALA,2002,Parole released - Number of parole absconders,0,0,0
KERALA,2002,Parole released - Number of parole absconders rearrested,0,0,0
KERALA,2003,Parole released - Number of persons released on parole,528,8,536
KERALA,2003,Parole released - Number of parole absconders,8,0,8
KERALA,2003,Parole released - Number of parole absconders rearrested,1,0,1
KERALA,2004,Parole released - Number of persons released on parole,528,8,536
KERALA,2004,Parole released - Number of parole absconders,10,0,10
KERALA,2004,Parole released - Number of parole absconders rearrested,1,0,1
KERALA,2005,Parole released - Number of persons released on parole,0,0,0
KERALA,2005,Parole released - Number of parole absconders,2,0,2
KERALA,2005,Parole released - Number of parole absconders rearrested,1,2,3
KERALA,2006,Parole released - Number of persons released on parole,718,20,738
KERALA,2006,Parole released - Number of parole absconders,4,0,4
KERALA,2006,Parole released - Number of parole absconders rearrested,4,0,4
KERALA,2007,Parole released - Number of persons released on parole,823,23,846
KERALA,2007,Parole released - Number of parole absconders,5,0,5
KERALA,2007,Parole released - Number of parole absconders rearrested,3,0,3
KERALA,2008,Parole released - Number of persons released on parole,732,25,757
KERALA,2008,Parole released - Number of parole absconders,10,0,10
KERALA,2008,Parole released - Number of parole absconders rearrested,8,0,8
KERALA,2009,Parole released - Number of persons released on parole,927,23,950
KERALA,2009,Parole released - Number of parole absconders,9,0,9
KERALA,2009,Parole released - Number of parole absconders rearrested,5,0,5
KERALA,2010,Parole released - Number of persons released on parole,869,18,887
KERALA,2010,Parole released - Number of parole absconders,7,0,7
KERALA,2010,Parole released - Number of parole absconders rearrested,6,0,6
KERALA,2011,Parole released - Number of persons released on parole,1012,30,1042
KERALA,2011,Parole released - Number of parole absconders,12,0,12
KERALA,2011,Parole released - Number of parole absconders rearrested,0,0,0
KERALA,2012,Parole released - Number of persons released on parole,1532,52,1584
KERALA,2012,Parole released - Number of parole absconders,15,0,15
KERALA,2012,Parole released - Number of parole absconders rearrested,0,0,0
MADHYA PRADESH,2001,Parole released - Number of persons released on parole,1916,25,1941
MADHYA PRADESH,2001,Parole released - Number of parole absconders,13,0,13
MADHYA PRADESH,2001,Parole released - Number of parole absconders rearrested,3,0,3
MADHYA PRADESH,2002,Parole released - Number of persons released on parole,11,1,12
MADHYA PRADESH,2002,Parole released - Number of parole absconders,4,0,4
MADHYA PRADESH,2002,Parole released - Number of parole absconders rearrested,0,0,0
MADHYA PRADESH,2003,Parole released - Number of persons released on parole,2026,9,2035
MADHYA PRADESH,2003,Parole released - Number of parole absconders,17,5,22
MADHYA PRADESH,2003,Parole released - Number of parole absconders rearrested,45,0,45
MADHYA PRADESH,2004,Parole released - Number of persons released on parole,1380,4,1384
MADHYA PRADESH,2004,Parole released - Number of parole absconders,93,1,94
MADHYA PRADESH,2004,Parole released - Number of parole absconders rearrested,43,0,43
MADHYA PRADESH,2005,Parole released - Number of persons released on parole,719,13,732
MADHYA PRADESH,2005,Parole released - Number of parole absconders,44,0,44
MADHYA PRADESH,2005,Parole released - Number of parole absconders rearrested,7,0,7
MADHYA PRADESH,2006,Parole released - Number of persons released on parole,1761,0,1761
MADHYA PRADESH,2006,Parole released - Number of parole absconders,69,0,69
MADHYA PRADESH,2006,Parole released - Number of parole absconders rearrested,16,0,16
MADHYA PRADESH,2007,Parole released - Number of persons released on parole,1204,9,1213
MADHYA PRADESH,2007,Parole released - Number of parole absconders,39,0,39
MADHYA PRADESH,2007,Parole released - Number of parole absconders rearrested,7,0,7
MADHYA PRADESH,2008,Parole released - Number of persons released on parole,1636,11,1647
MADHYA PRADESH,2008,Parole released - Number of parole absconders,15,0,15
MADHYA PRADESH,2008,Parole released - Number of parole absconders rearrested,5,0,5
MADHYA PRADESH,2009,Parole released - Number of persons released on parole,2965,31,2996
MADHYA PRADESH,2009,Parole released - Number of parole absconders,10,0,10
MADHYA PRADESH,2009,Parole released - Number of parole absconders rearrested,6,0,6
MADHYA PRADESH,2010,Parole released - Number of persons released on parole,3399,14,3413
MADHYA PRADESH,2010,Parole released - Number of parole absconders,11,0,11
MADHYA PRADESH,2010,Parole released - Number of parole absconders rearrested,4,0,4
MADHYA PRADESH,2011,Parole released - Number of persons released on parole,1987,11,1998
MADHYA PRADESH,2011,Parole released - Number of parole absconders,14,0,14
MADHYA PRADESH,2011,Parole released - Number of parole absconders rearrested,3,0,3
MADHYA PRADESH,2012,Parole released - Number of persons released on parole,7247,56,7303
MADHYA PRADESH,2012,Parole released - Number of parole absconders,4,0,4
MADHYA PRADESH,2012,Parole released - Number of parole absconders rearrested,0,0,0
MAHARASHTRA,2001,Parole released - Number of persons released on parole,379,3,382
MAHARASHTRA,2001,Parole released - Number of parole absconders,64,0,64
MAHARASHTRA,2001,Parole released - Number of parole absconders rearrested,15,0,15
MAHARASHTRA,2002,Parole released - Number of persons released on parole,429,3,432
MAHARASHTRA,2002,Parole released - Number of parole absconders,145,2,147
MAHARASHTRA,2002,Parole released - Number of parole absconders rearrested,34,0,34
MAHARASHTRA,2003,Parole released - Number of persons released on parole,529,7,536
MAHARASHTRA,2003,Parole released - Number of parole absconders,50,0,50
MAHARASHTRA,2003,Parole released - Number of parole absconders rearrested,12,0,12
MAHARASHTRA,2004,Parole released - Number of persons released on parole,544,7,551
MAHARASHTRA,2004,Parole released - Number of parole absconders,121,1,122
MAHARASHTRA,2004,Parole released - Number of parole absconders rearrested,9,3,12
MAHARASHTRA,2005,Parole released - Number of persons released on parole,654,14,668
MAHARASHTRA,2005,Parole released - Number of parole absconders,107,1,108
MAHARASHTRA,2005,Parole released - Number of parole absconders rearrested,23,0,23
MAHARASHTRA,2006,Parole released - Number of persons released on parole,958,16,974
MAHARASHTRA,2006,Parole released - Number of parole absconders,178,0,178
MAHARASHTRA,2006,Parole released - Number of parole absconders rearrested,38,0,38
MAHARASHTRA,2007,Parole released - Number of persons released on parole,992,24,1016
MAHARASHTRA,2007,Parole released - Number of parole absconders,108,0,108
MAHARASHTRA,2007,Parole released - Number of parole absconders rearrested,33,0,33
MAHARASHTRA,2008,Parole released - Number of persons released on parole,1094,39,1133
MAHARASHTRA,2008,Parole released - Number of parole absconders,181,0,181
MAHARASHTRA,2008,Parole released - Number of parole absconders rearrested,45,0,45
MAHARASHTRA,2009,Parole released - Number of persons released on parole,1212,43,1255
MAHARASHTRA,2009,Parole released - Number of parole absconders,186,2,188
MAHARASHTRA,2009,Parole released - Number of parole absconders rearrested,68,0,68
MAHARASHTRA,2010,Parole released - Number of persons released on parole,1466,60,1526
MAHARASHTRA,2010,Parole released - Number of parole absconders,513,1,514
MAHARASHTRA,2010,Parole released - Number of parole absconders rearrested,86,0,86
MAHARASHTRA,2011,Parole released - Number of persons released on parole,1657,49,1706
MAHARASHTRA,2011,Parole released - Number of parole absconders,330,3,333
MAHARASHTRA,2011,Parole released - Number of parole absconders rearrested,191,0,191
MAHARASHTRA,2012,Parole released - Number of persons released on parole,2725,154,2879
MAHARASHTRA,2012,Parole released - Number of parole absconders,197,1,198
MAHARASHTRA,2012,Parole released - Number of parole absconders rearrested,41,0,41
MANIPUR,2001,Parole released - Number of persons released on parole,0,0,0
MANIPUR,2001,Parole released - Number of parole absconders,0,0,0
MANIPUR,2001,Parole released - Number of parole absconders rearrested,0,0,0
MANIPUR,2002,Parole released - Number of persons released on parole,3,0,3
MANIPUR,2002,Parole released - Number of parole absconders,2,0,2
MANIPUR,2002,Parole released - Number of parole absconders rearrested,0,0,0
MANIPUR,2003,Parole released - Number of persons released on parole,3,0,3
MANIPUR,2003,Parole released - Number of parole absconders,0,0,0
MANIPUR,2003,Parole released - Number of parole absconders rearrested,0,0,0
MANIPUR,2004,Parole released - Number of persons released on parole,0,0,0
MANIPUR,2004,Parole released - Number of parole absconders,0,0,0
MANIPUR,2004,Parole released - Number of parole absconders rearrested,0,0,0
MANIPUR,2005,Parole released - Number of persons released on parole,1,0,1
MANIPUR,2005,Parole released - Number of parole absconders,0,0,0
MANIPUR,2005,Parole released - Number of parole absconders rearrested,0,0,0
MANIPUR,2006,Parole released - Number of persons released on parole,2,0,2
MANIPUR,2006,Parole released - Number of parole absconders,0,0,0
MANIPUR,2006,Parole released - Number of parole absconders rearrested,0,0,0
MANIPUR,2007,Parole released - Number of persons released on parole,0,0,0
MANIPUR,2007,Parole released - Number of parole absconders,0,0,0
MANIPUR,2007,Parole released - Number of parole absconders rearrested,0,0,0
MANIPUR,2008,Parole released - Number of persons released on parole,0,0,0
MANIPUR,2008,Parole released - Number of parole absconders,0,0,0
MANIPUR,2008,Parole released - Number of parole absconders rearrested,0,0,0
MANIPUR,2009,Parole released - Number of persons released on parole,0,0,0
MANIPUR,2009,Parole released - Number of parole absconders,0,0,0
MANIPUR,2009,Parole released - Number of parole absconders rearrested,0,0,0
MANIPUR,2010,Parole released - Number of persons released on parole,0,0,0
MANIPUR,2010,Parole released - Number of parole absconders,0,0,0
MANIPUR,2010,Parole released - Number of parole absconders rearrested,0,0,0
MANIPUR,2011,Parole released - Number of persons released on parole,0,1,1
MANIPUR,2011,Parole released - Number of parole absconders,0,0,0
MANIPUR,2011,Parole released - Number of parole absconders rearrested,0,0,0
MANIPUR,2012,Parole released - Number of persons released on parole,1,0,1
MANIPUR,2012,Parole released - Number of parole absconders,1,0,1
MANIPUR,2012,Parole released - Number of parole absconders rearrested,0,0,0
MEGHALAYA,2001,Parole released - Number of persons released on parole,0,0,0
MEGHALAYA,2001,Parole released - Number of parole absconders,0,0,0
MEGHALAYA,2001,Parole released - Number of parole absconders rearrested,0,0,0
MEGHALAYA,2002,Parole released - Number of persons released on parole,0,0,0
MEGHALAYA,2002,Parole released - Number of parole absconders,0,0,0
MEGHALAYA,2002,Parole released - Number of parole absconders rearrested,0,0,0
MEGHALAYA,2003,Parole released - Number of persons released on parole,0,0,0
MEGHALAYA,2003,Parole released - Number of parole absconders,0,0,0
MEGHALAYA,2003,Parole released - Number of parole absconders rearrested,0,0,0
MEGHALAYA,2004,Parole released - Number of persons released on parole,0,0,0
MEGHALAYA,2004,Parole released - Number of parole absconders,0,0,0
MEGHALAYA,2004,Parole released - Number of parole absconders rearrested,0,0,0
MEGHALAYA,2005,Parole released - Number of persons released on parole,0,0,0
MEGHALAYA,2005,Parole released - Number of parole absconders,0,0,0
MEGHALAYA,2005,Parole released - Number of parole absconders rearrested,0,0,0
MEGHALAYA,2006,Parole released - Number of persons released on parole,0,0,0
MEGHALAYA,2006,Parole released - Number of parole absconders,0,0,0
MEGHALAYA,2006,Parole released - Number of parole absconders rearrested,0,0,0
MEGHALAYA,2007,Parole released - Number of persons released on parole,0,0,0
MEGHALAYA,2007,Parole released - Number of parole absconders,0,0,0
MEGHALAYA,2007,Parole released - Number of parole absconders rearrested,0,0,0
MEGHALAYA,2008,Parole released - Number of persons released on parole,0,0,0
MEGHALAYA,2008,Parole released - Number of parole absconders,0,0,0
MEGHALAYA,2008,Parole released - Number of parole absconders rearrested,0,0,0
MEGHALAYA,2009,Parole released - Number of persons released on parole,0,0,0
MEGHALAYA,2009,Parole released - Number of parole absconders,0,0,0
MEGHALAYA,2009,Parole released - Number of parole absconders rearrested,0,0,0
MEGHALAYA,2010,Parole released - Number of persons released on parole,0,0,0
MEGHALAYA,2010,Parole released - Number of parole absconders,0,0,0
MEGHALAYA,2010,Parole released - Number of parole absconders rearrested,0,0,0
MEGHALAYA,2011,Parole released - Number of persons released on parole,0,0,0
MEGHALAYA,2011,Parole released - Number of parole absconders,0,0,0
MEGHALAYA,2011,Parole released - Number of parole absconders rearrested,0,0,0
MEGHALAYA,2012,Parole released - Number of persons released on parole,0,0,0
MEGHALAYA,2012,Parole released - Number of parole absconders,0,0,0
MEGHALAYA,2012,Parole released - Number of parole absconders rearrested,0,0,0
MIZORAM,2001,Parole released - Number of persons released on parole,1,0,1
MIZORAM,2001,Parole released - Number of parole absconders,0,0,0
MIZORAM,2001,Parole released - Number of parole absconders rearrested,0,0,0
MIZORAM,2002,Parole released - Number of persons released on parole,3,0,3
MIZORAM,2002,Parole released - Number of parole absconders,0,0,0
MIZORAM,2002,Parole released - Number of parole absconders rearrested,0,0,0
MIZORAM,2003,Parole released - Number of persons released on parole,2,0,2
MIZORAM,2003,Parole released - Number of parole absconders,0,0,0
MIZORAM,2003,Parole released - Number of parole absconders rearrested,0,0,0
MIZORAM,2004,Parole released - Number of persons released on parole,0,0,0
MIZORAM,2004,Parole released - Number of parole absconders,0,0,0
MIZORAM,2004,Parole released - Number of parole absconders rearrested,0,0,0
MIZORAM,2005,Parole released - Number of persons released on parole,0,0,0
MIZORAM,2005,Parole released - Number of parole absconders,0,0,0
MIZORAM,2005,Parole released - Number of parole absconders rearrested,0,0,0
MIZORAM,2006,Parole released - Number of persons released on parole,7,0,7
MIZORAM,2006,Parole released - Number of parole absconders,0,0,0
MIZORAM,2006,Parole released - Number of parole absconders rearrested,0,0,0
MIZORAM,2007,Parole released - Number of persons released on parole,10,0,10
MIZORAM,2007,Parole released - Number of parole absconders,0,0,0
MIZORAM,2007,Parole released - Number of parole absconders rearrested,0,0,0
MIZORAM,2008,Parole released - Number of persons released on parole,8,0,8
MIZORAM,2008,Parole released - Number of parole absconders,0,0,0
MIZORAM,2008,Parole released - Number of parole absconders rearrested,0,0,0
MIZORAM,2009,Parole released - Number of persons released on parole,0,0,0
MIZORAM,2009,Parole released - Number of parole absconders,0,0,0
MIZORAM,2009,Parole released - Number of parole absconders rearrested,0,0,0
MIZORAM,2010,Parole released - Number of persons released on parole,0,0,0
MIZORAM,2010,Parole released - Number of parole absconders,0,0,0
MIZORAM,2010,Parole released - Number of parole absconders rearrested,0,0,0
MIZORAM,2011,Parole released - Number of persons released on parole,3,0,3
MIZORAM,2011,Parole released - Number of parole absconders,0,0,0
MIZORAM,2011,Parole released - Number of parole absconders rearrested,0,0,0
MIZORAM,2012,Parole released - Number of persons released on parole,15,0,15
MIZORAM,2012,Parole released - Number of parole absconders,0,0,0
MIZORAM,2012,Parole released - Number of parole absconders rearrested,0,0,0
NAGALAND,2001,Parole released - Number of persons released on parole,0,0,0
NAGALAND,2001,Parole released - Number of parole absconders,0,0,0
NAGALAND,2001,Parole released - Number of parole absconders rearrested,0,0,0
NAGALAND,2002,Parole released - Number of persons released on parole,0,0,0
NAGALAND,2002,Parole released - Number of parole absconders,0,0,0
NAGALAND,2002,Parole released - Number of parole absconders rearrested,0,0,0
NAGALAND,2003,Parole released - Number of persons released on parole,0,0,0
NAGALAND,2003,Parole released - Number of parole absconders,0,0,0
NAGALAND,2003,Parole released - Number of parole absconders rearrested,0,0,0
NAGALAND,2004,Parole released - Number of persons released on parole,0,0,0
NAGALAND,2004,Parole released - Number of parole absconders,0,0,0
NAGALAND,2004,Parole released - Number of parole absconders rearrested,0,0,0
NAGALAND,2005,Parole released - Number of persons released on parole,0,0,0
NAGALAND,2005,Parole released - Number of parole absconders,0,0,0
NAGALAND,2005,Parole released - Number of parole absconders rearrested,0,0,0
NAGALAND,2006,Parole released - Number of persons released on parole,0,0,0
NAGALAND,2006,Parole released - Number of parole absconders,0,0,0
NAGALAND,2006,Parole released - Number of parole absconders rearrested,0,0,0
NAGALAND,2007,Parole released - Number of persons released on parole,0,0,0
NAGALAND,2007,Parole released - Number of parole absconders,0,0,0
NAGALAND,2007,Parole released - Number of parole absconders rearrested,0,0,0
NAGALAND,2008,Parole released - Number of persons released on parole,0,0,0
NAGALAND,2008,Parole released - Number of parole absconders,0,0,0
NAGALAND,2008,Parole released - Number of parole absconders rearrested,0,0,0
NAGALAND,2009,Parole released - Number of persons released on parole,0,0,0
NAGALAND,2009,Parole released - Number of parole absconders,0,0,0
NAGALAND,2009,Parole released - Number of parole absconders rearrested,0,0,0
NAGALAND,2010,Parole released - Number of persons released on parole,1,0,1
NAGALAND,2010,Parole released - Number of parole absconders,0,0,0
NAGALAND,2010,Parole released - Number of parole absconders rearrested,0,0,0
NAGALAND,2011,Parole released - Number of persons released on parole,0,0,0
NAGALAND,2011,Parole released - Number of parole absconders,0,0,0
NAGALAND,2011,Parole released - Number of parole absconders rearrested,0,0,0
NAGALAND,2012,Parole released - Number of persons released on parole,0,0,0
NAGALAND,2012,Parole released - Number of parole absconders,0,0,0
NAGALAND,2012,Parole released - Number of parole absconders rearrested,0,0,0
ORISSA,2001,Parole released - Number of persons released on parole,122,0,122
ORISSA,2001,Parole released - Number of parole absconders,1,0,1
ORISSA,2001,Parole released - Number of parole absconders rearrested,0,0,0
ORISSA,2002,Parole released - Number of persons released on parole,100,0,100
ORISSA,2002,Parole released - Number of parole absconders,0,0,0
ORISSA,2002,Parole released - Number of parole absconders rearrested,0,0,0
ORISSA,2003,Parole released - Number of persons released on parole,45,0,45
ORISSA,2003,Parole released - Number of parole absconders,0,0,0
ORISSA,2003,Parole released - Number of parole absconders rearrested,0,0,0
ORISSA,2004,Parole released - Number of persons released on parole,85,0,85
ORISSA,2004,Parole released - Number of parole absconders,0,0,0
ORISSA,2004,Parole released - Number of parole absconders rearrested,0,0,0
ORISSA,2005,Parole released - Number of persons released on parole,127,0,127
ORISSA,2005,Parole released - Number of parole absconders,1,0,1
ORISSA,2005,Parole released - Number of parole absconders rearrested,0,0,0
ORISSA,2006,Parole released - Number of persons released on parole,133,0,133
ORISSA,2006,Parole released - Number of parole absconders,3,0,3
ORISSA,2006,Parole released - Number of parole absconders rearrested,1,0,1
ORISSA,2007,Parole released - Number of persons released on parole,158,0,158
ORISSA,2007,Parole released - Number of parole absconders,3,0,3
ORISSA,2007,Parole released - Number of parole absconders rearrested,1,0,1
ORISSA,2008,Parole released - Number of persons released on parole,57,0,57
ORISSA,2008,Parole released - Number of parole absconders,0,0,0
ORISSA,2008,Parole released - Number of parole absconders rearrested,0,0,0
ORISSA,2009,Parole released - Number of persons released on parole,88,0,88
ORISSA,2009,Parole released - Number of parole absconders,0,0,0
ORISSA,2009,Parole released - Number of parole absconders rearrested,0,0,0
ORISSA,2010,Parole released - Number of persons released on parole,127,0,127
ORISSA,2010,Parole released - Number of parole absconders,0,0,0
ORISSA,2010,Parole released - Number of parole absconders rearrested,0,0,0
ORISSA,2011,Parole released - Number of persons released on parole,135,1,136
ORISSA,2011,Parole released - Number of parole absconders,0,0,0
ORISSA,2011,Parole released - Number of parole absconders rearrested,0,0,0
ORISSA,2012,Parole released - Number of persons released on parole,152,0,152
ORISSA,2012,Parole released - Number of parole absconders,0,0,0
ORISSA,2012,Parole released - Number of parole absconders rearrested,0,0,0
PUNJAB,2001,Parole released - Number of persons released on parole,2648,156,2804
PUNJAB,2001,Parole released - Number of parole absconders,0,0,0
PUNJAB,2001,Parole released - Number of parole absconders rearrested,0,0,0
PUNJAB,2002,Parole released - Number of persons released on parole,3769,147,3916
PUNJAB,2002,Parole released - Number of parole absconders,11,0,11
PUNJAB,2002,Parole released - Number of parole absconders rearrested,1,0,1
PUNJAB,2003,Parole released - Number of persons released on parole,2595,199,2794
PUNJAB,2003,Parole released - Number of parole absconders,727,2,729
PUNJAB,2003,Parole released - Number of parole absconders rearrested,5,0,5
PUNJAB,2004,Parole released - Number of persons released on parole,2608,206,2814
PUNJAB,2004,Parole released - Number of parole absconders,786,5,791
PUNJAB,2004,Parole released - Number of parole absconders rearrested,8,0,8
PUNJAB,2005,Parole released - Number of persons released on parole,2625,225,2850
PUNJAB,2005,Parole released - Number of parole absconders,798,10,808
PUNJAB,2005,Parole released - Number of parole absconders rearrested,10,0,10
PUNJAB,2006,Parole released - Number of persons released on parole,2735,241,2976
PUNJAB,2006,Parole released - Number of parole absconders,645,11,656
PUNJAB,2006,Parole released - Number of parole absconders rearrested,7,0,7
PUNJAB,2007,Parole released - Number of persons released on parole,2693,231,2924
PUNJAB,2007,Parole released - Number of parole absconders,531,9,540
PUNJAB,2007,Parole released - Number of parole absconders rearrested,5,0,5
PUNJAB,2008,Parole released - Number of persons released on parole,4824,252,5076
PUNJAB,2008,Parole released - Number of parole absconders,54,0,54
PUNJAB,2008,Parole released - Number of parole absconders rearrested,17,0,17
PUNJAB,2009,Parole released - Number of persons released on parole,5347,346,5693
PUNJAB,2009,Parole released - Number of parole absconders,60,3,63
PUNJAB,2009,Parole released - Number of parole absconders rearrested,16,1,17
PUNJAB,2010,Parole released - Number of persons released on parole,5874,326,6200
PUNJAB,2010,Parole released - Number of parole absconders,54,2,56
PUNJAB,2010,Parole released - Number of parole absconders rearrested,24,1,25
PUNJAB,2011,Parole released - Number of persons released on parole,6284,362,6646
PUNJAB,2011,Parole released - Number of parole absconders,63,2,65
PUNJAB,2011,Parole released - Number of parole absconders rearrested,27,1,28
PUNJAB,2012,Parole released - Number of persons released on parole,8630,395,9025
PUNJAB,2012,Parole released - Number of parole absconders,114,1,115
PUNJAB,2012,Parole released - Number of parole absconders rearrested,62,0,62
RAJASTHAN,2001,Parole released - Number of persons released on parole,545,10,555
RAJASTHAN,2001,Parole released - Number of parole absconders,0,0,0
RAJASTHAN,2001,Parole released - Number of parole absconders rearrested,0,0,0
RAJASTHAN,2002,Parole released - Number of persons released on parole,910,9,919
RAJASTHAN,2002,Parole released - Number of parole absconders,4,0,4
RAJASTHAN,2002,Parole released - Number of parole absconders rearrested,1,0,1
RAJASTHAN,2003,Parole released - Number of persons released on parole,1072,17,1089
RAJASTHAN,2003,Parole released - Number of parole absconders,11,0,11
RAJASTHAN,2003,Parole released - Number of parole absconders rearrested,3,0,3
RAJASTHAN,2004,Parole released - Number of persons released on parole,1195,7,1202
RAJASTHAN,2004,Parole released - Number of parole absconders,15,0,15
RAJASTHAN,2004,Parole released - Number of parole absconders rearrested,4,0,4
RAJASTHAN,2005,Parole released - Number of persons released on parole,1462,28,1490
RAJASTHAN,2005,Parole released - Number of parole absconders,27,0,27
RAJASTHAN,2005,Parole released - Number of parole absconders rearrested,3,0,3
RAJASTHAN,2006,Parole released - Number of persons released on parole,1610,43,1653
RAJASTHAN,2006,Parole released - Number of parole absconders,30,0,30
RAJASTHAN,2006,Parole released - Number of parole absconders rearrested,5,0,5
RAJASTHAN,2007,Parole released - Number of persons released on parole,1616,35,1651
RAJASTHAN,2007,Parole released - Number of parole absconders,40,4,44
RAJASTHAN,2007,Parole released - Number of parole absconders rearrested,14,0,14
RAJASTHAN,2008,Parole released - Number of persons released on parole,1478,26,1504
RAJASTHAN,2008,Parole released - Number of parole absconders,23,0,23
RAJASTHAN,2008,Parole released - Number of parole absconders rearrested,8,0,8
RAJASTHAN,2009,Parole released - Number of persons released on parole,2016,38,2054
RAJASTHAN,2009,Parole released - Number of parole absconders,59,0,59
RAJASTHAN,2009,Parole released - Number of parole absconders rearrested,13,0,13
RAJASTHAN,2010,Parole released - Number of persons released on parole,1686,45,1731
RAJASTHAN,2010,Parole released - Number of parole absconders,37,1,38
RAJASTHAN,2010,Parole released - Number of parole absconders rearrested,10,0,10
RAJASTHAN,2011,Parole released - Number of persons released on parole,1956,21,1977
RAJASTHAN,2011,Parole released - Number of parole absconders,39,0,39
RAJASTHAN,2011,Parole released - Number of parole absconders rearrested,10,0,10
RAJASTHAN,2012,Parole released - Number of persons released on parole,1289,23,1312
RAJASTHAN,2012,Parole released - Number of parole absconders,33,0,33
RAJASTHAN,2012,Parole released - Number of parole absconders rearrested,10,0,10
SIKKIM,2001,Parole released - Number of persons released on parole,0,0,0
SIKKIM,2001,Parole released - Number of parole absconders,0,0,0
SIKKIM,2001,Parole released - Number of parole absconders rearrested,0,0,0
SIKKIM,2002,Parole released - Number of persons released on parole,0,0,0
SIKKIM,2002,Parole released - Number of parole absconders,0,0,0
SIKKIM,2002,Parole released - Number of parole absconders rearrested,0,0,0
SIKKIM,2003,Parole released - Number of persons released on parole,0,0,0
SIKKIM,2003,Parole released - Number of parole absconders,0,0,0
SIKKIM,2003,Parole released - Number of parole absconders rearrested,0,0,0
SIKKIM,2004,Parole released - Number of persons released on parole,0,0,0
SIKKIM,2004,Parole released - Number of parole absconders,0,0,0
SIKKIM,2004,Parole released - Number of parole absconders rearrested,0,0,0
SIKKIM,2005,Parole released - Number of persons released on parole,0,0,0
SIKKIM,2005,Parole released - Number of parole absconders,0,0,0
SIKKIM,2005,Parole released - Number of parole absconders rearrested,0,0,0
SIKKIM,2006,Parole released - Number of persons released on parole,0,0,0
SIKKIM,2006,Parole released - Number of parole absconders,0,0,0
SIKKIM,2006,Parole released - Number of parole absconders rearrested,0,0,0
SIKKIM,2007,Parole released - Number of persons released on parole,0,0,0
SIKKIM,2007,Parole released - Number of parole absconders,0,0,0
SIKKIM,2007,Parole released - Number of parole absconders rearrested,0,0,0
SIKKIM,2008,Parole released - Number of persons released on parole,0,0,0
SIKKIM,2008,Parole released - Number of parole absconders,0,0,0
SIKKIM,2008,Parole released - Number of parole absconders rearrested,0,0,0
SIKKIM,2009,Parole released - Number of persons released on parole,0,0,0
SIKKIM,2009,Parole released - Number of parole absconders,0,0,0
SIKKIM,2009,Parole released - Number of parole absconders rearrested,0,0,0
SIKKIM,2010,Parole released - Number of persons released on parole,3,0,3
SIKKIM,2010,Parole released - Number of parole absconders,0,0,0
SIKKIM,2010,Parole released - Number of parole absconders rearrested,0,0,0
SIKKIM,2011,Parole released - Number of persons released on parole,0,0,0
SIKKIM,2011,Parole released - Number of parole absconders,0,0,0
SIKKIM,2011,Parole released - Number of parole absconders rearrested,0,0,0
SIKKIM,2012,Parole released - Number of persons released on parole,0,0,0
SIKKIM,2012,Parole released - Number of parole absconders,0,0,0
SIKKIM,2012,Parole released - Number of parole absconders rearrested,0,0,0
TAMILNADU,2001,Parole released - Number of persons released on parole,3016,12,3028
TAMILNADU,2001,Parole released - Number of parole absconders,25,0,25
TAMILNADU,2001,Parole released - Number of parole absconders rearrested,0,0,0
TAMILNADU,2002,Parole released - Number of persons released on parole,3184,18,3202
TAMILNADU,2002,Parole released - Number of parole absconders,16,0,16
TAMILNADU,2002,Parole released - Number of parole absconders rearrested,14,0,14
TAMILNADU,2003,Parole released - Number of persons released on parole,3284,20,3304
TAMILNADU,2003,Parole released - Number of parole absconders,0,0,0
TAMILNADU,2003,Parole released - Number of parole absconders rearrested,0,0,0
TAMILNADU,2004,Parole released - Number of persons released on parole,3291,25,3316
TAMILNADU,2004,Parole released - Number of parole absconders,0,0,0
TAMILNADU,2004,Parole released - Number of parole absconders rearrested,0,0,0
TAMILNADU,2005,Parole released - Number of persons released on parole,3173,20,3193
TAMILNADU,2005,Parole released - Number of parole absconders,22,0,22
TAMILNADU,2005,Parole released - Number of parole absconders rearrested,7,0,7
TAMILNADU,2006,Parole released - Number of persons released on parole,3173,20,3193
TAMILNADU,2006,Parole released - Number of parole absconders,22,0,22
TAMILNADU,2006,Parole released - Number of parole absconders rearrested,7,0,7
TAMILNADU,2007,Parole released - Number of persons released on parole,3505,15,3520
TAMILNADU,2007,Parole released - Number of parole absconders,15,0,15
TAMILNADU,2007,Parole released - Number of parole absconders rearrested,4,0,4
TAMILNADU,2008,Parole released - Number of persons released on parole,4635,6,4641
TAMILNADU,2008,Parole released - Number of parole absconders,7,0,7
TAMILNADU,2008,Parole released - Number of parole absconders rearrested,3,0,3
TAMILNADU,2009,Parole released - Number of persons released on parole,3584,23,3607
TAMILNADU,2009,Parole released - Number of parole absconders,26,0,26
TAMILNADU,2009,Parole released - Number of parole absconders rearrested,11,0,11
TAMILNADU,2010,Parole released - Number of persons released on parole,3774,24,3798
TAMILNADU,2010,Parole released - Number of parole absconders,18,0,18
TAMILNADU,2010,Parole released - Number of parole absconders rearrested,11,0,11
TAMILNADU,2011,Parole released - Number of persons released on parole,4579,20,4599
TAMILNADU,2011,Parole released - Number of parole absconders,12,0,12
TAMILNADU,2011,Parole released - Number of parole absconders rearrested,8,0,8
TAMILNADU,2012,Parole released - Number of persons released on parole,3835,20,3855
TAMILNADU,2012,Parole released - Number of parole absconders,21,0,21
TAMILNADU,2012,Parole released - Number of parole absconders rearrested,9,0,9
TRIPURA,2001,Parole released - Number of persons released on parole,61,3,64
TRIPURA,2001,Parole released - Number of parole absconders,0,0,0
TRIPURA,2001,Parole released - Number of parole absconders rearrested,0,0,0
TRIPURA,2002,Parole released - Number of persons released on parole,22,0,22
TRIPURA,2002,Parole released - Number of parole absconders,0,0,0
TRIPURA,2002,Parole released - Number of parole absconders rearrested,0,0,0
TRIPURA,2003,Parole released - Number of persons released on parole,27,1,28
TRIPURA,2003,Parole released - Number of parole absconders,0,0,0
TRIPURA,2003,Parole released - Number of parole absconders rearrested,0,0,0
TRIPURA,2004,Parole released - Number of persons released on parole,47,0,47
TRIPURA,2004,Parole released - Number of parole absconders,0,0,0
TRIPURA,2004,Parole released - Number of parole absconders rearrested,0,0,0
TRIPURA,2005,Parole released - Number of persons released on parole,36,0,36
TRIPURA,2005,Parole released - Number of parole absconders,1,0,1
TRIPURA,2005,Parole released - Number of parole absconders rearrested,0,0,0
TRIPURA,2006,Parole released - Number of persons released on parole,60,1,61
TRIPURA,2006,Parole released - Number of parole absconders,1,0,1
TRIPURA,2006,Parole released - Number of parole absconders rearrested,0,0,0
TRIPURA,2007,Parole released - Number of persons released on parole,43,2,45
TRIPURA,2007,Parole released - Number of parole absconders,1,0,1
TRIPURA,2007,Parole released - Number of parole absconders rearrested,0,0,0
TRIPURA,2008,Parole released - Number of persons released on parole,71,1,72
TRIPURA,2008,Parole released - Number of parole absconders,0,0,0
TRIPURA,2008,Parole released - Number of parole absconders rearrested,0,0,0
TRIPURA,2009,Parole released - Number of persons released on parole,38,1,39
TRIPURA,2009,Parole released - Number of parole absconders,0,0,0
TRIPURA,2009,Parole released - Number of parole absconders rearrested,0,0,0
TRIPURA,2010,Parole released - Number of persons released on parole,103,0,103
TRIPURA,2010,Parole released - Number of parole absconders,0,0,0
TRIPURA,2010,Parole released - Number of parole absconders rearrested,0,0,0
TRIPURA,2011,Parole released - Number of persons released on parole,69,0,69
TRIPURA,2011,Parole released - Number of parole absconders,0,0,0
TRIPURA,2011,Parole released - Number of parole absconders rearrested,0,0,0
TRIPURA,2012,Parole released - Number of persons released on parole,106,3,109
TRIPURA,2012,Parole released - Number of parole absconders,0,0,0
TRIPURA,2012,Parole released - Number of parole absconders rearrested,0,0,0
UTTAR PRADESH,2001,Parole released - Number of persons released on parole,53,1,54
UTTAR PRADESH,2001,Parole released - Number of parole absconders,6,0,6
UTTAR PRADESH,2001,Parole released - Number of parole absconders rearrested,3,0,3
UTTAR PRADESH,2002,Parole released - Number of persons released on parole,31,0,31
UTTAR PRADESH,2002,Parole released - Number of parole absconders,14,0,14
UTTAR PRADESH,2002,Parole released - Number of parole absconders rearrested,1,0,1
UTTAR PRADESH,2003,Parole released - Number of persons released on parole,127,1,128
UTTAR PRADESH,2003,Parole released - Number of parole absconders,9,0,9
UTTAR PRADESH,2003,Parole released - Number of parole absconders rearrested,1,0,1
UTTAR PRADESH,2004,Parole released - Number of persons released on parole,149,5,154
UTTAR PRADESH,2004,Parole released - Number of parole absconders,3,0,3
UTTAR PRADESH,2004,Parole released - Number of parole absconders rearrested,0,0,0
UTTAR PRADESH,2005,Parole released - Number of persons released on parole,102,0,102
UTTAR PRADESH,2005,Parole released - Number of parole absconders,99,11,110
UTTAR PRADESH,2005,Parole released - Number of parole absconders rearrested,2,0,2
UTTAR PRADESH,2006,Parole released - Number of persons released on parole,208,7,215
UTTAR PRADESH,2006,Parole released - Number of parole absconders,44,0,44
UTTAR PRADESH,2006,Parole released - Number of parole absconders rearrested,10,0,10
UTTAR PRADESH,2007,Parole released - Number of persons released on parole,67,0,67
UTTAR PRADESH,2007,Parole released - Number of parole absconders,121,12,133
UTTAR PRADESH,2007,Parole released - Number of parole absconders rearrested,7,0,7
UTTAR PRADESH,2008,Parole released - Number of persons released on parole,192,16,208
UTTAR PRADESH,2008,Parole released - Number of parole absconders,8,0,8
UTTAR PRADESH,2008,Parole released - Number of parole absconders rearrested,4,0,4
UTTAR PRADESH,2009,Parole released - Number of persons released on parole,88,0,88
UTTAR PRADESH,2009,Parole released - Number of parole absconders,3,0,3
UTTAR PRADESH,2009,Parole released - Number of parole absconders rearrested,0,0,0
UTTAR PRADESH,2010,Parole released - Number of persons released on parole,97,0,97
UTTAR PRADESH,2010,Parole released - Number of parole absconders,19,0,19
UTTAR PRADESH,2010,Parole released - Number of parole absconders rearrested,0,0,0
UTTAR PRADESH,2011,Parole released - Number of persons released on parole,113,0,113
UTTAR PRADESH,2011,Parole released - Number of parole absconders,19,0,19
UTTAR PRADESH,2011,Parole released - Number of parole absconders rearrested,0,0,0
UTTAR PRADESH,2012,Parole released - Number of persons released on parole,107,0,107
UTTAR PRADESH,2012,Parole released - Number of parole absconders,21,0,21
UTTAR PRADESH,2012,Parole released - Number of parole absconders rearrested,0,0,0
UTTARANCHAL,2001,Parole released - Number of persons released on parole,10,0,10
UTTARANCHAL,2001,Parole released - Number of parole absconders,2,0,2
UTTARANCHAL,2001,Parole released - Number of parole absconders rearrested,2,0,2
UTTARANCHAL,2002,Parole released - Number of persons released on parole,3,0,3
UTTARANCHAL,2002,Parole released - Number of parole absconders,0,0,0
UTTARANCHAL,2002,Parole released - Number of parole absconders rearrested,0,0,0
UTTARANCHAL,2003,Parole released - Number of persons released on parole,6,0,6
UTTARANCHAL,2003,Parole released - Number of parole absconders,0,0,0
UTTARANCHAL,2003,Parole released - Number of parole absconders rearrested,0,0,0
UTTARANCHAL,2004,Parole released - Number of persons released on parole,7,0,7
UTTARANCHAL,2004,Parole released - Number of parole absconders,0,0,0
UTTARANCHAL,2004,Parole released - Number of parole absconders rearrested,0,0,0
UTTARANCHAL,2005,Parole released - Number of persons released on parole,13,0,13
UTTARANCHAL,2005,Parole released - Number of parole absconders,0,0,0
UTTARANCHAL,2005,Parole released - Number of parole absconders rearrested,0,0,0
UTTARANCHAL,2006,Parole released - Number of persons released on parole,7,0,7
UTTARANCHAL,2006,Parole released - Number of parole absconders,0,0,0
UTTARANCHAL,2006,Parole released - Number of parole absconders rearrested,0,0,0
UTTARANCHAL,2007,Parole released - Number of persons released on parole,6,0,6
UTTARANCHAL,2007,Parole released - Number of parole absconders,0,0,0
UTTARANCHAL,2007,Parole released - Number of parole absconders rearrested,0,0,0
UTTARANCHAL,2008,Parole released - Number of persons released on parole,0,0,0
UTTARANCHAL,2008,Parole released - Number of parole absconders,0,0,0
UTTARANCHAL,2008,Parole released - Number of parole absconders rearrested,0,0,0
UTTARANCHAL,2009,Parole released - Number of persons released on parole,7,0,7
UTTARANCHAL,2009,Parole released - Number of parole absconders,0,0,0
UTTARANCHAL,2009,Parole released - Number of parole absconders rearrested,0,0,0
UTTARANCHAL,2010,Parole released - Number of persons released on parole,6,0,6
UTTARANCHAL,2010,Parole released - Number of parole absconders,0,0,0
UTTARANCHAL,2010,Parole released - Number of parole absconders rearrested,0,0,0
UTTARANCHAL,2011,Parole released - Number of persons released on parole,12,0,12
UTTARANCHAL,2011,Parole released - Number of parole absconders,0,0,0
UTTARANCHAL,2011,Parole released - Number of parole absconders rearrested,0,0,0
UTTARANCHAL,2012,Parole released - Number of persons released on parole,14,0,14
UTTARANCHAL,2012,Parole released - Number of parole absconders,0,0,0
UTTARANCHAL,2012,Parole released - Number of parole absconders rearrested,0,0,0
WEST BENGAL,2001,Parole released - Number of persons released on parole,133,0,133
WEST BENGAL,2001,Parole released - Number of parole absconders,1,0,1
WEST BENGAL,2001,Parole released - Number of parole absconders rearrested,0,0,0
WEST BENGAL,2002,Parole released - Number of persons released on parole,117,0,117
WEST BENGAL,2002,Parole released - Number of parole absconders,0,0,0
WEST BENGAL,2002,Parole released - Number of parole absconders rearrested,0,0,0
WEST BENGAL,2003,Parole released - Number of persons released on parole,37,0,37
WEST BENGAL,2003,Parole released - Number of parole absconders,0,0,0
WEST BENGAL,2003,Parole released - Number of parole absconders rearrested,0,0,0
WEST BENGAL,2004,Parole released - Number of persons released on parole,81,5,86
WEST BENGAL,2004,Parole released - Number of parole absconders,0,0,0
WEST BENGAL,2004,Parole released - Number of parole absconders rearrested,0,0,0
WEST BENGAL,2005,Parole released - Number of persons released on parole,83,5,88
WEST BENGAL,2005,Parole released - Number of parole absconders,0,0,0
WEST BENGAL,2005,Parole released - Number of parole absconders rearrested,0,0,0
WEST BENGAL,2006,Parole released - Number of persons released on parole,6,0,6
WEST BENGAL,2006,Parole released - Number of parole absconders,0,0,0
WEST BENGAL,2006,Parole released - Number of parole absconders rearrested,0,0,0
WEST BENGAL,2007,Parole released - Number of persons released on parole,14,0,14
WEST BENGAL,2007,Parole released - Number of parole absconders,0,0,0
WEST BENGAL,2007,Parole released - Number of parole absconders rearrested,0,0,0
WEST BENGAL,2008,Parole released - Number of persons released on parole,10,0,10
WEST BENGAL,2008,Parole released - Number of parole absconders,0,0,0
WEST BENGAL,2008,Parole released - Number of parole absconders rearrested,0,0,0
WEST BENGAL,2009,Parole released - Number of persons released on parole,8,2,10
WEST BENGAL,2009,Parole released - Number of parole absconders,0,0,0
WEST BENGAL,2009,Parole released - Number of parole absconders rearrested,0,0,0
WEST BENGAL,2010,Parole released - Number of persons released on parole,19,0,19
WEST BENGAL,2010,Parole released - Number of parole absconders,0,0,0
WEST BENGAL,2010,Parole released - Number of parole absconders rearrested,0,0,0
WEST BENGAL,2011,Parole released - Number of persons released on parole,484,20,504
WEST BENGAL,2011,Parole released - Number of parole absconders,0,0,0
WEST BENGAL,2011,Parole released - Number of parole absconders rearrested,0,0,0
WEST BENGAL,2012,Parole released - Number of persons released on parole,1230,81,1311
WEST BENGAL,2012,Parole released - Number of parole absconders,0,0,0
WEST BENGAL,2012,Parole released - Number of parole absconders rearrested,0,0,0
A & N ISLANDS,2001,Parole released - Number of persons released on parole,6,0,6
A & N ISLANDS,2001,Parole released - Number of parole absconders,0,0,0
A & N ISLANDS,2001,Parole released - Number of parole absconders rearrested,0,0,0
A & N ISLANDS,2002,Parole released - Number of persons released on parole,3,0,3
A & N ISLANDS,2002,Parole released - Number of parole absconders,0,0,0
A & N ISLANDS,2002,Parole released - Number of parole absconders rearrested,0,0,0
A & N ISLANDS,2003,Parole released - Number of persons released on parole,3,0,3
A & N ISLANDS,2003,Parole released - Number of parole absconders,0,0,0
A & N ISLANDS,2003,Parole released - Number of parole absconders rearrested,0,0,0
A & N ISLANDS,2004,Parole released - Number of persons released on parole,3,0,3
A & N ISLANDS,2004,Parole released - Number of parole absconders,0,0,0
A & N ISLANDS,2004,Parole released - Number of parole absconders rearrested,0,0,0
A & N ISLANDS,2005,Parole released - Number of persons released on parole,0,0,0
A & N ISLANDS,2005,Parole released - Number of parole absconders,0,0,0
A & N ISLANDS,2005,Parole released - Number of parole absconders rearrested,0,0,0
A & N ISLANDS,2006,Parole released - Number of persons released on parole,3,0,3
A & N ISLANDS,2006,Parole released - Number of parole absconders,0,0,0
A & N ISLANDS,2006,Parole released - Number of parole absconders rearrested,0,0,0
A & N ISLANDS,2007,Parole released - Number of persons released on parole,0,0,0
A & N ISLANDS,2007,Parole released - Number of parole absconders,0,0,0
A & N ISLANDS,2007,Parole released - Number of parole absconders rearrested,0,0,0
A & N ISLANDS,2008,Parole released - Number of persons released on parole,2,0,2
A & N ISLANDS,2008,Parole released - Number of parole absconders,0,0,0
A & N ISLANDS,2008,Parole released - Number of parole absconders rearrested,0,0,0
A & N ISLANDS,2009,Parole released - Number of persons released on parole,0,0,0
A & N ISLANDS,2009,Parole released - Number of parole absconders,0,0,0
A & N ISLANDS,2009,Parole released - Number of parole absconders rearrested,0,0,0
A & N ISLANDS,2010,Parole released - Number of persons released on parole,2,0,2
A & N ISLANDS,2010,Parole released - Number of parole absconders,0,0,0
A & N ISLANDS,2010,Parole released - Number of parole absconders rearrested,0,0,0
A & N ISLANDS,2011,Parole released - Number of persons released on parole,0,0,0
A & N ISLANDS,2011,Parole released - Number of parole absconders,0,0,0
A & N ISLANDS,2011,Parole released - Number of parole absconders rearrested,0,0,0
A & N ISLANDS,2012,Parole released - Number of persons released on parole,1,0,1
A & N ISLANDS,2012,Parole released - Number of parole absconders,0,0,0
A & N ISLANDS,2012,Parole released - Number of parole absconders rearrested,0,0,0
CHANDIGARH,2001,Parole released - Number of persons released on parole,46,5,51
CHANDIGARH,2001,Parole released - Number of parole absconders,0,0,0
CHANDIGARH,2001,Parole released - Number of parole absconders rearrested,0,0,0
CHANDIGARH,2002,Parole released - Number of persons released on parole,64,4,68
CHANDIGARH,2002,Parole released - Number of parole absconders,1,0,1
CHANDIGARH,2002,Parole released - Number of parole absconders rearrested,0,0,0
CHANDIGARH,2003,Parole released - Number of persons released on parole,67,3,70
CHANDIGARH,2003,Parole released - Number of parole absconders,1,0,1
CHANDIGARH,2003,Parole released - Number of parole absconders rearrested,0,0,0
CHANDIGARH,2004,Parole released - Number of persons released on parole,47,4,51
CHANDIGARH,2004,Parole released - Number of parole absconders,2,0,2
CHANDIGARH,2004,Parole released - Number of parole absconders rearrested,1,0,1
CHANDIGARH,2005,Parole released - Number of persons released on parole,54,4,58
CHANDIGARH,2005,Parole released - Number of parole absconders,2,0,2
CHANDIGARH,2005,Parole released - Number of parole absconders rearrested,0,0,0
CHANDIGARH,2006,Parole released - Number of persons released on parole,62,3,65
CHANDIGARH,2006,Parole released - Number of parole absconders,2,0,2
CHANDIGARH,2006,Parole released - Number of parole absconders rearrested,0,0,0
CHANDIGARH,2007,Parole released - Number of persons released on parole,65,3,68
CHANDIGARH,2007,Parole released - Number of parole absconders,1,0,1
CHANDIGARH,2007,Parole released - Number of parole absconders rearrested,0,0,0
CHANDIGARH,2008,Parole released - Number of persons released on parole,124,5,129
CHANDIGARH,2008,Parole released - Number of parole absconders,2,0,2
CHANDIGARH,2008,Parole released - Number of parole absconders rearrested,0,0,0
CHANDIGARH,2009,Parole released - Number of persons released on parole,147,7,154
CHANDIGARH,2009,Parole released - Number of parole absconders,2,0,2
CHANDIGARH,2009,Parole released - Number of parole absconders rearrested,2,0,2
CHANDIGARH,2010,Parole released - Number of persons released on parole,96,4,100
CHANDIGARH,2010,Parole released - Number of parole absconders,2,0,2
CHANDIGARH,2010,Parole released - Number of parole absconders rearrested,0,0,0
CHANDIGARH,2011,Parole released - Number of persons released on parole,165,4,169
CHANDIGARH,2011,Parole released - Number of parole absconders,2,0,2
CHANDIGARH,2011,Parole released - Number of parole absconders rearrested,1,0,1
CHANDIGARH,2012,Parole released - Number of persons released on parole,207,8,215
CHANDIGARH,2012,Parole released - Number of parole absconders,2,0,2
CHANDIGARH,2012,Parole released - Number of parole absconders rearrested,0,0,0
D & N HAVELI,2001,Parole released - Number of persons released on parole,0,0,0
D & N HAVELI,2001,Parole released - Number of parole absconders,0,0,0
D & N HAVELI,2001,Parole released - Number of parole absconders rearrested,0,0,0
D & N HAVELI,2002,Parole released - Number of persons released on parole,0,0,0
D & N HAVELI,2002,Parole released - Number of parole absconders,0,0,0
D & N HAVELI,2002,Parole released - Number of parole absconders rearrested,0,0,0
D & N HAVELI,2003,Parole released - Number of persons released on parole,0,0,0
D & N HAVELI,2003,Parole released - Number of parole absconders,0,0,0
D & N HAVELI,2003,Parole released - Number of parole absconders rearrested,0,0,0
D & N HAVELI,2004,Parole released - Number of persons released on parole,0,0,0
D & N HAVELI,2004,Parole released - Number of parole absconders,0,0,0
D & N HAVELI,2004,Parole released - Number of parole absconders rearrested,0,0,0
D & N HAVELI,2005,Parole released - Number of persons released on parole,0,0,0
D & N HAVELI,2005,Parole released - Number of parole absconders,0,0,0
D & N HAVELI,2005,Parole released - Number of parole absconders rearrested,0,0,0
D & N HAVELI,2006,Parole released - Number of persons released on parole,0,0,0
D & N HAVELI,2006,Parole released - Number of parole absconders,0,0,0
D & N HAVELI,2006,Parole released - Number of parole absconders rearrested,0,0,0
D & N HAVELI,2007,Parole released - Number of persons released on parole,0,0,0
D & N HAVELI,2007,Parole released - Number of parole absconders,0,0,0
D & N HAVELI,2007,Parole released - Number of parole absconders rearrested,0,0,0
D & N HAVELI,2008,Parole released - Number of persons released on parole,0,0,0
D & N HAVELI,2008,Parole released - Number of parole absconders,0,0,0
D & N HAVELI,2008,Parole released - Number of parole absconders rearrested,0,0,0
D & N HAVELI,2009,Parole released - Number of persons released on parole,0,0,0
D & N HAVELI,2009,Parole released - Number of parole absconders,0,0,0
D & N HAVELI,2009,Parole released - Number of parole absconders rearrested,0,0,0
D & N HAVELI,2010,Parole released - Number of persons released on parole,0,0,0
D & N HAVELI,2010,Parole released - Number of parole absconders,0,0,0
D & N HAVELI,2010,Parole released - Number of parole absconders rearrested,0,0,0
D & N HAVELI,2011,Parole released - Number of persons released on parole,0,0,0
D & N HAVELI,2011,Parole released - Number of parole absconders,0,0,0
D & N HAVELI,2011,Parole released - Number of parole absconders rearrested,0,0,0
D & N HAVELI,2012,Parole released - Number of persons released on parole,0,0,0
D & N HAVELI,2012,Parole released - Number of parole absconders,0,0,0
D & N HAVELI,2012,Parole released - Number of parole absconders rearrested,0,0,0
DAMAN & DIU,2001,Parole released - Number of persons released on parole,2,0,2
DAMAN & DIU,2001,Parole released - Number of parole absconders,0,0,0
DAMAN & DIU,2001,Parole released - Number of parole absconders rearrested,0,0,0
DAMAN & DIU,2002,Parole released - Number of persons released on parole,2,0,2
DAMAN & DIU,2002,Parole released - Number of parole absconders,0,0,0
DAMAN & DIU,2002,Parole released - Number of parole absconders rearrested,0,0,0
DAMAN & DIU,2003,Parole released - Number of persons released on parole,2,0,2
DAMAN & DIU,2003,Parole released - Number of parole absconders,0,0,0
DAMAN & DIU,2003,Parole released - Number of parole absconders rearrested,0,0,0
DAMAN & DIU,2004,Parole released - Number of persons released on parole,4,0,4
DAMAN & DIU,2004,Parole released - Number of parole absconders,0,0,0
DAMAN & DIU,2004,Parole released - Number of parole absconders rearrested,0,0,0
DAMAN & DIU,2005,Parole released - Number of persons released on parole,3,0,3
DAMAN & DIU,2005,Parole released - Number of parole absconders,0,0,0
DAMAN & DIU,2005,Parole released - Number of parole absconders rearrested,0,0,0
DAMAN & DIU,2006,Parole released - Number of persons released on parole,4,0,4
DAMAN & DIU,2006,Parole released - Number of parole absconders,0,0,0
DAMAN & DIU,2006,Parole released - Number of parole absconders rearrested,0,0,0
DAMAN & DIU,2007,Parole released - Number of persons released on parole,3,0,3
DAMAN & DIU,2007,Parole released - Number of parole absconders,0,0,0
DAMAN & DIU,2007,Parole released - Number of parole absconders rearrested,0,0,0
DAMAN & DIU,2008,Parole released - Number of persons released on parole,1,1,2
DAMAN & DIU,2008,Parole released - Number of parole absconders,0,0,0
DAMAN & DIU,2008,Parole released - Number of parole absconders rearrested,0,0,0
DAMAN & DIU,2009,Parole released - Number of persons released on parole,1,0,1
DAMAN & DIU,2009,Parole released - Number of parole absconders,0,0,0
DAMAN & DIU,2009,Parole released - Number of parole absconders rearrested,0,0,0
DAMAN & DIU,2010,Parole released - Number of persons released on parole,1,0,1
DAMAN & DIU,2010,Parole released - Number of parole absconders,0,0,0
DAMAN & DIU,2010,Parole released - Number of parole absconders rearrested,0,0,0
DAMAN & DIU,2011,Parole released - Number of persons released on parole,1,0,1
DAMAN & DIU,2011,Parole released - Number of parole absconders,0,0,0
DAMAN & DIU,2011,Parole released - Number of parole absconders rearrested,0,0,0
DAMAN & DIU,2012,Parole released - Number of persons released on parole,3,1,4
DAMAN & DIU,2012,Parole released - Number of parole absconders,0,0,0
DAMAN & DIU,2012,Parole released - Number of parole absconders rearrested,0,0,0
DELHI,2001,Parole released - Number of persons released on parole,69,1,70
DELHI,2001,Parole released - Number of parole absconders,3,0,3
DELHI,2001,Parole released - Number of parole absconders rearrested,0,0,0
DELHI,2002,Parole released - Number of persons released on parole,236,4,240
DELHI,2002,Parole released - Number of parole absconders,31,0,31
DELHI,2002,Parole released - Number of parole absconders rearrested,0,0,0
DELHI,2003,Parole released - Number of persons released on parole,285,5,290
DELHI,2003,Parole released - Number of parole absconders,0,0,0
DELHI,2003,Parole released - Number of parole absconders rearrested,0,0,0
DELHI,2004,Parole released - Number of persons released on parole,221,7,228
DELHI,2004,Parole released - Number of parole absconders,0,0,0
DELHI,2004,Parole released - Number of parole absconders rearrested,0,0,0
DELHI,2005,Parole released - Number of persons released on parole,179,1,180
DELHI,2005,Parole released - Number of parole absconders,2,0,2
DELHI,2005,Parole released - Number of parole absconders rearrested,0,0,0
DELHI,2006,Parole released - Number of persons released on parole,123,10,133
DELHI,2006,Parole released - Number of parole absconders,1,3,4
DELHI,2006,Parole released - Number of parole absconders rearrested,1,0,1
DELHI,2007,Parole released - Number of persons released on parole,122,5,127
DELHI,2007,Parole released - Number of parole absconders,1,0,1
DELHI,2007,Parole released - Number of parole absconders rearrested,0,0,0
DELHI,2008,Parole released - Number of persons released on parole,149,6,155
DELHI,2008,Parole released - Number of parole absconders,0,0,0
DELHI,2008,Parole released - Number of parole absconders rearrested,0,0,0
DELHI,2009,Parole released - Number of persons released on parole,241,12,253
DELHI,2009,Parole released - Number of parole absconders,1,0,1
DELHI,2009,Parole released - Number of parole absconders rearrested,0,0,0
DELHI,2010,Parole released - Number of persons released on parole,132,15,147
DELHI,2010,Parole released - Number of parole absconders,0,1,1
DELHI,2010,Parole released - Number of parole absconders rearrested,0,0,0
DELHI,2011,Parole released - Number of persons released on parole,353,22,375
DELHI,2011,Parole released - Number of parole absconders,2,1,3
DELHI,2011,Parole released - Number of parole absconders rearrested,1,0,1
DELHI,2012,Parole released - Number of persons released on parole,266,22,288
DELHI,2012,Parole released - Number of parole absconders,2,0,2
DELHI,2012,Parole released - Number of parole absconders rearrested,1,0,1
LAKSHADWEEP,2001,Parole released - Number of persons released on parole,0,0,0
LAKSHADWEEP,2001,Parole released - Number of parole absconders,0,0,0
LAKSHADWEEP,2001,Parole released - Number of parole absconders rearrested,0,0,0
LAKSHADWEEP,2002,Parole released - Number of persons released on parole,0,0,0
LAKSHADWEEP,2002,Parole released - Number of parole absconders,0,0,0
LAKSHADWEEP,2002,Parole released - Number of parole absconders rearrested,0,0,0
LAKSHADWEEP,2003,Parole released - Number of persons released on parole,0,0,0
LAKSHADWEEP,2003,Parole released - Number of parole absconders,0,0,0
LAKSHADWEEP,2003,Parole released - Number of parole absconders rearrested,0,0,0
LAKSHADWEEP,2004,Parole released - Number of persons released on parole,0,0,0
LAKSHADWEEP,2004,Parole released - Number of parole absconders,0,0,0
LAKSHADWEEP,2004,Parole released - Number of parole absconders rearrested,0,0,0
LAKSHADWEEP,2005,Parole released - Number of persons released on parole,0,0,0
LAKSHADWEEP,2005,Parole released - Number of parole absconders,0,0,0
LAKSHADWEEP,2005,Parole released - Number of parole absconders rearrested,0,0,0
LAKSHADWEEP,2006,Parole released - Number of persons released on parole,0,0,0
LAKSHADWEEP,2006,Parole released - Number of parole absconders,0,0,0
LAKSHADWEEP,2006,Parole released - Number of parole absconders rearrested,0,0,0
LAKSHADWEEP,2007,Parole released - Number of persons released on parole,0,0,0
LAKSHADWEEP,2007,Parole released - Number of parole absconders,0,0,0
LAKSHADWEEP,2007,Parole released - Number of parole absconders rearrested,0,0,0
LAKSHADWEEP,2008,Parole released - Number of persons released on parole,0,0,0
LAKSHADWEEP,2008,Parole released - Number of parole absconders,0,0,0
LAKSHADWEEP,2008,Parole released - Number of parole absconders rearrested,0,0,0
LAKSHADWEEP,2009,Parole released - Number of persons released on parole,0,0,0
LAKSHADWEEP,2009,Parole released - Number of parole absconders,0,0,0
LAKSHADWEEP,2009,Parole released - Number of parole absconders rearrested,0,0,0
LAKSHADWEEP,2010,Parole released - Number of persons released on parole,0,0,0
LAKSHADWEEP,2010,Parole released - Number of parole absconders,0,0,0
LAKSHADWEEP,2010,Parole released - Number of parole absconders rearrested,0,0,0
LAKSHADWEEP,2011,Parole released - Number of persons released on parole,0,0,0
LAKSHADWEEP,2011,Parole released - Number of parole absconders,0,0,0
LAKSHADWEEP,2011,Parole released - Number of parole absconders rearrested,0,0,0
LAKSHADWEEP,2012,Parole released - Number of persons released on parole,0,0,0
LAKSHADWEEP,2012,Parole released - Number of parole absconders,0,0,0
LAKSHADWEEP,2012,Parole released - Number of parole absconders rearrested,0,0,0
PONDICHERRY,2001,Parole released - Number of persons released on parole,36,0,36
PONDICHERRY,2001,Parole released - Number of parole absconders,1,0,1
PONDICHERRY,2001,Parole released - Number of parole absconders rearrested,0,0,0
PONDICHERRY,2002,Parole released - Number of persons released on parole,48,0,48
PONDICHERRY,2002,Parole released - Number of parole absconders,0,0,0
PONDICHERRY,2002,Parole released - Number of parole absconders rearrested,0,0,0
PONDICHERRY,2003,Parole released - Number of persons released on parole,31,0,31
PONDICHERRY,2003,Parole released - Number of parole absconders,1,0,1
PONDICHERRY,2003,Parole released - Number of parole absconders rearrested,1,0,1
PONDICHERRY,2004,Parole released - Number of persons released on parole,12,1,13
PONDICHERRY,2004,Parole released - Number of parole absconders,0,0,0
PONDICHERRY,2004,Parole released - Number of parole absconders rearrested,0,0,0
PONDICHERRY,2005,Parole released - Number of persons released on parole,26,0,26
PONDICHERRY,2005,Parole released - Number of parole absconders,0,0,0
PONDICHERRY,2005,Parole released - Number of parole absconders rearrested,0,0,0
PONDICHERRY,2006,Parole released - Number of persons released on parole,21,0,21
PONDICHERRY,2006,Parole released - Number of parole absconders,0,0,0
PONDICHERRY,2006,Parole released - Number of parole absconders rearrested,0,0,0
PONDICHERRY,2007,Parole released - Number of persons released on parole,77,0,77
PONDICHERRY,2007,Parole released - Number of parole absconders,0,0,0
PONDICHERRY,2007,Parole released - Number of parole absconders rearrested,0,0,0
PONDICHERRY,2008,Parole released - Number of persons released on parole,73,0,73
PONDICHERRY,2008,Parole released - Number of parole absconders,0,0,0
PONDICHERRY,2008,Parole released - Number of parole absconders rearrested,0,0,0
PONDICHERRY,2009,Parole released - Number of persons released on parole,37,1,38
PONDICHERRY,2009,Parole released - Number of parole absconders,0,0,0
PONDICHERRY,2009,Parole released - Number of parole absconders rearrested,0,0,0
PONDICHERRY,2010,Parole released - Number of persons released on parole,70,0,70
PONDICHERRY,2010,Parole released - Number of parole absconders,0,0,0
PONDICHERRY,2010,Parole released - Number of parole absconders rearrested,0,0,0
PONDICHERRY,2011,Parole released - Number of persons released on parole,110,0,110
PONDICHERRY,2011,Parole released - Number of parole absconders,1,0,1
PONDICHERRY,2011,Parole released - Number of parole absconders rearrested,0,0,0
PONDICHERRY,2012,Parole released - Number of persons released on parole,208,0,208
PONDICHERRY,2012,Parole released - Number of parole absconders,1,0,1
PONDICHERRY,2012,Parole released - Number of parole absconders rearrested,1,0,1
ANDHRA PRADESH,2013,F1   Number of persons released on parole,803,10,813
ANDHRA PRADESH,2013,F2   Number of parole absconders,5,0,5
ANDHRA PRADESH,2013,F3   Number of parole absconders rearrested,3,0,3
ARUNACHAL PRADESH,2013,F1   Number of persons released on parole,2,0,2
ARUNACHAL PRADESH,2013,F2   Number of parole absconders,0,0,0
ARUNACHAL PRADESH,2013,F3   Number of parole absconders rearrested,0,0,0
ASSAM,2013,F1   Number of persons released on parole,150,7,157
ASSAM,2013,F2   Number of parole absconders,1,0,1
ASSAM,2013,F3   Number of parole absconders rearrested,0,0,0
BIHAR,2013,F1   Number of persons released on parole,5,3,8
BIHAR,2013,F2   Number of parole absconders,0,0,0
BIHAR,2013,F3   Number of parole absconders rearrested,0,0,0
CHHATISGARH,2013,F1   Number of persons released on parole,300,4,304
CHHATISGARH,2013,F2   Number of parole absconders,4,0,4
CHHATISGARH,2013,F3   Number of parole absconders rearrested,1,0,1
GOA,2013,F1   Number of persons released on parole,12,0,12
GOA,2013,F2   Number of parole absconders,0,0,0
GOA,2013,F3   Number of parole absconders rearrested,0,0,0
GUJARAT,2013,F1   Number of persons released on parole,948,67,1015
GUJARAT,2013,F2   Number of parole absconders,53,1,54
GUJARAT,2013,F3   Number of parole absconders rearrested,29,0,29
HARYANA,2013,F1   Number of persons released on parole,3600,115,3715
HARYANA,2013,F2   Number of parole absconders,39,1,40
HARYANA,2013,F3   Number of parole absconders rearrested,31,0,31
HIMACHAL PRADESH,2013,F1   Number of persons released on parole,527,11,538
HIMACHAL PRADESH,2013,F2   Number of parole absconders,23,1,24
HIMACHAL PRADESH,2013,F3   Number of parole absconders rearrested,3,0,3
JAMMU & KASHMIR,2013,F1   Number of persons released on parole,18,2,20
JAMMU & KASHMIR,2013,F2   Number of parole absconders,1,0,1
JAMMU & KASHMIR,2013,F3   Number of parole absconders rearrested,0,0,0
JHARKHAND,2013,F1   Number of persons released on parole,3,0,3
JHARKHAND,2013,F2   Number of parole absconders,0,0,0
JHARKHAND,2013,F3   Number of parole absconders rearrested,0,0,0
KARNATAKA,2013,F1   Number of persons released on parole,823,6,829
KARNATAKA,2013,F2   Number of parole absconders,9,0,9
KARNATAKA,2013,F3   Number of parole absconders rearrested,3,0,3
KERALA,2013,F1   Number of persons released on parole,689,15,704
KERALA,2013,F2   Number of parole absconders,4,0,4
KERALA,2013,F3   Number of parole absconders rearrested,2,0,2
MADHYA PRADESH,2013,F1   Number of persons released on parole,4192,70,4262
MADHYA PRADESH,2013,F2   Number of parole absconders,7,0,7
MADHYA PRADESH,2013,F3   Number of parole absconders rearrested,2,0,2
MAHARASHTRA,2013,F1   Number of persons released on parole,1479,40,1519
MAHARASHTRA,2013,F2   Number of parole absconders,305,0,305
MAHARASHTRA,2013,F3   Number of parole absconders rearrested,66,0,66
MANIPUR,2013,F1   Number of persons released on parole,0,0,0
MANIPUR,2013,F2   Number of parole absconders,0,0,0
MANIPUR,2013,F3   Number of parole absconders rearrested,0,0,0
MEGHALAYA,2013,F1   Number of persons released on parole,0,0,0
MEGHALAYA,2013,F2   Number of parole absconders,0,0,0
MEGHALAYA,2013,F3   Number of parole absconders rearrested,0,0,0
MIZORAM,2013,F1   Number of persons released on parole,12,0,12
MIZORAM,2013,F2   Number of parole absconders,2,0,2
MIZORAM,2013,F3   Number of parole absconders rearrested,2,0,2
NAGALAND,2013,F1   Number of persons released on parole,0,0,0
NAGALAND,2013,F2   Number of parole absconders,0,0,0
NAGALAND,2013,F3   Number of parole absconders rearrested,0,0,0
ORISSA,2013,F1   Number of persons released on parole,149,0,149
ORISSA,2013,F2   Number of parole absconders,0,0,0
ORISSA,2013,F3   Number of parole absconders rearrested,0,0,0
PUNJAB,2013,F1   Number of persons released on parole,8359,489,8848
PUNJAB,2013,F2   Number of parole absconders,119,0,119
PUNJAB,2013,F3   Number of parole absconders rearrested,69,0,69
RAJASTHAN,2013,F1   Number of persons released on parole,978,35,1013
RAJASTHAN,2013,F2   Number of parole absconders,11,0,11
RAJASTHAN,2013,F3   Number of parole absconders rearrested,7,0,7
SIKKIM,2013,F1   Number of persons released on parole,0,0,0
SIKKIM,2013,F2   Number of parole absconders,0,0,0
SIKKIM,2013,F3   Number of parole absconders rearrested,0,0,0
TAMILNADU,2013,F1   Number of persons released on parole,4276,20,4296
TAMILNADU,2013,F2   Number of parole absconders,14,0,14
TAMILNADU,2013,F3   Number of parole absconders rearrested,3,0,3
TRIPURA,2013,F1   Number of persons released on parole,84,4,88
TRIPURA,2013,F2   Number of parole absconders,0,0,0
TRIPURA,2013,F3   Number of parole absconders rearrested,0,0,0
UTTAR PRADESH,2013,F1   Number of persons released on parole,272,3,275
UTTAR PRADESH,2013,F2   Number of parole absconders,8,0,8
UTTAR PRADESH,2013,F3   Number of parole absconders rearrested,22,0,22
UTTARANCHAL,2013,F1   Number of persons released on parole,21,0,21
UTTARANCHAL,2013,F2   Number of parole absconders,0,0,0
UTTARANCHAL,2013,F3   Number of parole absconders rearrested,0,0,0
WEST BENGAL,2013,F1   Number of persons released on parole,3505,153,3658
WEST BENGAL,2013,F2   Number of parole absconders,2,0,2
WEST BENGAL,2013,F3   Number of parole absconders rearrested,1,0,1
A & N ISLANDS,2013,F1   Number of persons released on parole,2,0,2
A & N ISLANDS,2013,F2   Number of parole absconders,0,0,0
A & N ISLANDS,2013,F3   Number of parole absconders rearrested,0,0,0
CHANDIGARH,2013,F1   Number of persons released on parole,257,7,264
CHANDIGARH,2013,F2   Number of parole absconders,3,0,3
CHANDIGARH,2013,F3   Number of parole absconders rearrested,1,0,1
D & N HAVELI,2013,F1   Number of persons released on parole,0,0,0
D & N HAVELI,2013,F2   Number of parole absconders,0,0,0
D & N HAVELI,2013,F3   Number of parole absconders rearrested,0,0,0
DAMAN & DIU,2013,F1   Number of persons released on parole,0,0,0
DAMAN & DIU,2013,F2   Number of parole absconders,0,0,0
DAMAN & DIU,2013,F3   Number of parole absconders rearrested,0,0,0
DELHI,2013,F1   Number of persons released on parole,305,22,327
DELHI,2013,F2   Number of parole absconders,0,0,0
DELHI,2013,F3   Number of parole absconders rearrested,0,0,0
LAKSHADWEEP,2013,F1   Number of persons released on parole,0,0,0
LAKSHADWEEP,2013,F2   Number of parole absconders,0,0,0
LAKSHADWEEP,2013,F3   Number of parole absconders rearrested,0,0,0
PONDICHERRY,2013,F1   Number of persons released on parole,176,1,177
PONDICHERRY,2013,F2   Number of parole absconders,0,0,0
PONDICHERRY,2013,F3   Number of parole absconders rearrested,0,0,0
