TimePeriod,Area_Name,Indicator_Name,Data_Value
2001, Jammu & Kashmir,Non-Plan Expenditure,187226600
2001, Himachal Pradesh,Non-Plan Expenditure,48120000
2001, Punjab,Non-Plan Expenditure,396237000
2001,Chandigarh,Non-Plan Expenditure,21803000
2001, Uttarakhand,Non-Plan Expenditure,56990456
2001, Haryana,Non-Plan Expenditure,148985000
2001,Delhi,Non-Plan Expenditure,200033395
2001, Rajasthan,Non-Plan Expenditure,303124000
2001, Uttar Pradesh,Non-Plan Expenditure,1040969000
2001, Bihar,Non-Plan Expenditure,0
2001, Sikkim,Non-Plan Expenditure,10175313
2001, Nagaland,Non-Plan Expenditure,48391404
2001, Manipur,Non-Plan Expenditure,42989505
2001, Mizoram,Non-Plan Expenditure,36642891
2001, Tripura,Non-Plan Expenditure,56924000
2001, Meghalaya,Non-Plan Expenditure,18383960
2001, Assam,Non-Plan Expenditure,142415000
2001, West Bengal,Non-Plan Expenditure,538402818
2001, Jharkhand,Non-Plan Expenditure,220812000
2001, Odisha,Non-Plan Expenditure,280338000
2001, Chhattisgarh,Non-Plan Expenditure,90223398
2001, Madhya Pradesh,Non-Plan Expenditure,643455000
2001, Gujarat,Non-Plan Expenditure,238114790
2001,Daman & Diu,Non-Plan Expenditure,1263938
2001,Dadra & Nagar Haveli,Non-Plan Expenditure,499386
2001, Maharashtra,Non-Plan Expenditure,304873000
2001, Andhra Pradesh,Non-Plan Expenditure,692321000
2001, Karnataka,Non-Plan Expenditure,259250000
2001, Goa,Non-Plan Expenditure,19857000
2001,Lakshadweep,Non-Plan Expenditure,0
2001, Kerala,Non-Plan Expenditure,199209000
2001, Tamil Nadu,Non-Plan Expenditure,496891760
2001,Puducherry,Non-Plan Expenditure,9333000
2001,Andaman & Nicobar Islands,Non-Plan Expenditure,9947000
2002, Jammu & Kashmir,Non-Plan Expenditure,201518500
2002, Himachal Pradesh,Non-Plan Expenditure,49915000
2002, Punjab,Non-Plan Expenditure,517393000
2002,Chandigarh,Non-Plan Expenditure,23100000
2002, Uttarakhand,Non-Plan Expenditure,69173542
2002, Haryana,Non-Plan Expenditure,183320000
2002,Delhi,Non-Plan Expenditure,442964369
2002, Rajasthan,Non-Plan Expenditure,297850000
2002, Uttar Pradesh,Non-Plan Expenditure,506969000
2002, Bihar,Non-Plan Expenditure,592383000
2002, Sikkim,Non-Plan Expenditure,10175313
2002, Nagaland,Non-Plan Expenditure,62827000
2002, Manipur,Non-Plan Expenditure,40655003
2002, Mizoram,Non-Plan Expenditure,37990000
2002, Tripura,Non-Plan Expenditure,53217000
2002, Meghalaya,Non-Plan Expenditure,7344703
2002, Assam,Non-Plan Expenditure,145409000
2002, West Bengal,Non-Plan Expenditure,533906854
2002, Jharkhand,Non-Plan Expenditure,239961000
2002, Odisha,Non-Plan Expenditure,285680000
2002, Chhattisgarh,Non-Plan Expenditure,240640109
2002, Madhya Pradesh,Non-Plan Expenditure,583793000
2002, Gujarat,Non-Plan Expenditure,231920050
2002,Daman & Diu,Non-Plan Expenditure,367740
2002,Dadra & Nagar Haveli,Non-Plan Expenditure,400000
2002, Maharashtra,Non-Plan Expenditure,346569000
2002, Andhra Pradesh,Non-Plan Expenditure,344593000
2002, Karnataka,Non-Plan Expenditure,278028987
2002, Goa,Non-Plan Expenditure,21337000
2002,Lakshadweep,Non-Plan Expenditure,19302
2002, Kerala,Non-Plan Expenditure,194704903
2002, Tamil Nadu,Non-Plan Expenditure,512525000
2002,Puducherry,Non-Plan Expenditure,9365000
2002,Andaman & Nicobar Islands,Non-Plan Expenditure,12610000
2003, Jammu & Kashmir,Non-Plan Expenditure,171697300
2003, Himachal Pradesh,Non-Plan Expenditure,49916000
2003, Punjab,Non-Plan Expenditure,469000110
2003,Chandigarh,Non-Plan Expenditure,24100000
2003, Uttarakhand,Non-Plan Expenditure,27290348
2003, Haryana,Non-Plan Expenditure,269314225
2003,Delhi,Non-Plan Expenditure,424856471
2003, Rajasthan,Non-Plan Expenditure,318358000
2003, Uttar Pradesh,Non-Plan Expenditure,1117376000
2003, Bihar,Non-Plan Expenditure,602120616
2003, Sikkim,Non-Plan Expenditure,12014000
2003, Nagaland,Non-Plan Expenditure,54275000
2003, Manipur,Non-Plan Expenditure,38339500
2003, Mizoram,Non-Plan Expenditure,43460000
2003, Tripura,Non-Plan Expenditure,59065000
2003, Meghalaya,Non-Plan Expenditure,12396458
2003, Assam,Non-Plan Expenditure,186813000
2003, West Bengal,Non-Plan Expenditure,711672705
2003, Jharkhand,Non-Plan Expenditure,74095096
2003, Odisha,Non-Plan Expenditure,285998000
2003, Chhattisgarh,Non-Plan Expenditure,240640109
2003, Madhya Pradesh,Non-Plan Expenditure,583467000
2003, Gujarat,Non-Plan Expenditure,235776795
2003,Daman & Diu,Non-Plan Expenditure,1923000
2003,Dadra & Nagar Haveli,Non-Plan Expenditure,400000
2003, Maharashtra,Non-Plan Expenditure,506189000
2003, Andhra Pradesh,Non-Plan Expenditure,280720000
2003, Karnataka,Non-Plan Expenditure,313524000
2003, Goa,Non-Plan Expenditure,17203874
2003,Lakshadweep,Non-Plan Expenditure,3937
2003, Kerala,Non-Plan Expenditure,157262402
2003, Tamil Nadu,Non-Plan Expenditure,563787500
2003,Puducherry,Non-Plan Expenditure,10389000
2003,Andaman & Nicobar Islands,Non-Plan Expenditure,9920000
2004, Jammu & Kashmir,Non-Plan Expenditure,127121100
2004, Himachal Pradesh,Non-Plan Expenditure,55299000
2004, Punjab,Non-Plan Expenditure,532319000
2004,Chandigarh,Non-Plan Expenditure,22105000
2004, Uttarakhand,Non-Plan Expenditure,64160798
2004, Haryana,Non-Plan Expenditure,351460154
2004,Delhi,Non-Plan Expenditure,407251000
2004, Rajasthan,Non-Plan Expenditure,353092000
2004, Uttar Pradesh,Non-Plan Expenditure,1275358000
2004, Bihar,Non-Plan Expenditure,655000754
2004, Sikkim,Non-Plan Expenditure,18933936
2004, Nagaland,Non-Plan Expenditure,77226000
2004, Manipur,Non-Plan Expenditure,49525814
2004, Mizoram,Non-Plan Expenditure,49660000
2004, Tripura,Non-Plan Expenditure,97637000
2004, Meghalaya,Non-Plan Expenditure,5148247
2004, Assam,Non-Plan Expenditure,7000000
2004, West Bengal,Non-Plan Expenditure,649340709
2004, Jharkhand,Non-Plan Expenditure,412130036
2004, Odisha,Non-Plan Expenditure,293348000
2004, Chhattisgarh,Non-Plan Expenditure,227937966
2004, Madhya Pradesh,Non-Plan Expenditure,616624000
2004, Gujarat,Non-Plan Expenditure,264667093
2004,Daman & Diu,Non-Plan Expenditure,2102666
2004,Dadra & Nagar Haveli,Non-Plan Expenditure,400000
2004, Maharashtra,Non-Plan Expenditure,549046918
2004, Andhra Pradesh,Non-Plan Expenditure,654571000
2004, Karnataka,Non-Plan Expenditure,524368000
2004, Goa,Non-Plan Expenditure,23521000
2004,Lakshadweep,Non-Plan Expenditure,100000
2004, Kerala,Non-Plan Expenditure,3300000
2004, Tamil Nadu,Non-Plan Expenditure,464468000
2004,Puducherry,Non-Plan Expenditure,10892108
2004,Andaman & Nicobar Islands,Non-Plan Expenditure,10514000
2005, Jammu & Kashmir,Non-Plan Expenditure,261400000
2005, Himachal Pradesh,Non-Plan Expenditure,67738000
2005, Punjab,Non-Plan Expenditure,629508000
2005,Chandigarh,Non-Plan Expenditure,27612000
2005, Uttarakhand,Non-Plan Expenditure,83482539
2005, Haryana,Non-Plan Expenditure,392800000
2005,Delhi,Non-Plan Expenditure,328066515
2005, Rajasthan,Non-Plan Expenditure,361382000
2005, Uttar Pradesh,Non-Plan Expenditure,1434322000
2005, Bihar,Non-Plan Expenditure,704255000
2005, Sikkim,Non-Plan Expenditure,15995230
2005, Nagaland,Non-Plan Expenditure,87621000
2005, Manipur,Non-Plan Expenditure,57111100
2005, Mizoram,Non-Plan Expenditure,45826000
2005, Tripura,Non-Plan Expenditure,92333251
2005, Meghalaya,Non-Plan Expenditure,26051846
2005, Assam,Non-Plan Expenditure,241268000
2005, West Bengal,Non-Plan Expenditure,664276585
2005, Jharkhand,Non-Plan Expenditure,79001300
2005, Odisha,Non-Plan Expenditure,310004000
2005, Chhattisgarh,Non-Plan Expenditure,197301013
2005, Madhya Pradesh,Non-Plan Expenditure,673079700
2005, Gujarat,Non-Plan Expenditure,277277473
2005,Daman & Diu,Non-Plan Expenditure,1160000
2005,Dadra & Nagar Haveli,Non-Plan Expenditure,500000
2005, Maharashtra,Non-Plan Expenditure,986692763
2005, Andhra Pradesh,Non-Plan Expenditure,618698000
2005, Karnataka,Non-Plan Expenditure,446714000
2005, Goa,Non-Plan Expenditure,20798529
2005,Lakshadweep,Non-Plan Expenditure,100000
2005, Kerala,Non-Plan Expenditure,308303935
2005, Tamil Nadu,Non-Plan Expenditure,25204000
2005,Puducherry,Non-Plan Expenditure,11579124
2005,Andaman & Nicobar Islands,Non-Plan Expenditure,10647732
2006, Jammu & Kashmir,Non-Plan Expenditure,262451400
2006, Himachal Pradesh,Non-Plan Expenditure,3073000
2006, Punjab,Non-Plan Expenditure,679475000
2006,Chandigarh,Non-Plan Expenditure,28400000
2006, Uttarakhand,Non-Plan Expenditure,14737500
2006, Haryana,Non-Plan Expenditure,431141464
2006,Delhi,Non-Plan Expenditure,0
2006, Rajasthan,Non-Plan Expenditure,386846000
2006, Uttar Pradesh,Non-Plan Expenditure,2058334000
2006, Bihar,Non-Plan Expenditure,529551501
2006, Sikkim,Non-Plan Expenditure,14094020
2006, Nagaland,Non-Plan Expenditure,86777000
2006, Manipur,Non-Plan Expenditure,43096887
2006, Mizoram,Non-Plan Expenditure,18153800
2006, Tripura,Non-Plan Expenditure,54196465
2006, Meghalaya,Non-Plan Expenditure,5129515
2006, Assam,Non-Plan Expenditure,71876000
2006, West Bengal,Non-Plan Expenditure,685842375
2006, Jharkhand,Non-Plan Expenditure,63424558
2006, Odisha,Non-Plan Expenditure,358965000
2006, Chhattisgarh,Non-Plan Expenditure,363415095
2006, Madhya Pradesh,Non-Plan Expenditure,724874000
2006, Gujarat,Non-Plan Expenditure,97491000
2006,Daman & Diu,Non-Plan Expenditure,0
2006,Dadra & Nagar Haveli,Non-Plan Expenditure,250000
2006, Maharashtra,Non-Plan Expenditure,0
2006, Andhra Pradesh,Non-Plan Expenditure,671157400
2006, Karnataka,Non-Plan Expenditure,29000300
2006, Goa,Non-Plan Expenditure,24368043
2006,Lakshadweep,Non-Plan Expenditure,100000
2006, Kerala,Non-Plan Expenditure,122014694
2006, Tamil Nadu,Non-Plan Expenditure,33699000
2006,Puducherry,Non-Plan Expenditure,11924000
2006,Andaman & Nicobar Islands,Non-Plan Expenditure,11750000
2007, Jammu & Kashmir,Non-Plan Expenditure,269258600
2007, Himachal Pradesh,Non-Plan Expenditure,90842000
2007, Punjab,Non-Plan Expenditure,1028442000
2007,Chandigarh,Non-Plan Expenditure,35913000
2007, Uttarakhand,Non-Plan Expenditure,64099045
2007, Haryana,Non-Plan Expenditure,492113000
2007,Delhi,Non-Plan Expenditure,840997000
2007, Rajasthan,Non-Plan Expenditure,463830000
2007, Uttar Pradesh,Non-Plan Expenditure,1935724000
2007, Bihar,Non-Plan Expenditure,129112500
2007, Sikkim,Non-Plan Expenditure,17063015
2007, Nagaland,Non-Plan Expenditure,92532000
2007, Manipur,Non-Plan Expenditure,47925124
2007, Mizoram,Non-Plan Expenditure,48610541
2007, Tripura,Non-Plan Expenditure,53669389
2007, Meghalaya,Non-Plan Expenditure,22503463
2007, Assam,Non-Plan Expenditure,317314000
2007, West Bengal,Non-Plan Expenditure,832747550
2007, Jharkhand,Non-Plan Expenditure,140029096
2007, Odisha,Non-Plan Expenditure,417228000
2007, Chhattisgarh,Non-Plan Expenditure,310212401
2007, Madhya Pradesh,Non-Plan Expenditure,812733000
2007, Gujarat,Non-Plan Expenditure,337776173
2007,Daman & Diu,Non-Plan Expenditure,2250000
2007,Dadra & Nagar Haveli,Non-Plan Expenditure,0
2007, Maharashtra,Non-Plan Expenditure,862474000
2007, Andhra Pradesh,Non-Plan Expenditure,750850000
2007, Karnataka,Non-Plan Expenditure,467582571
2007, Goa,Non-Plan Expenditure,31665000
2007,Lakshadweep,Non-Plan Expenditure,0
2007, Kerala,Non-Plan Expenditure,86715527
2007, Tamil Nadu,Non-Plan Expenditure,44816000
2007,Puducherry,Non-Plan Expenditure,11360060
2007,Andaman & Nicobar Islands,Non-Plan Expenditure,13560000
2001, Jammu & Kashmir,Plan Expenditure,0
2001, Himachal Pradesh,Plan Expenditure,10713000
2001, Punjab,Plan Expenditure,0
2001,Chandigarh,Plan Expenditure,2000000
2001, Uttarakhand,Plan Expenditure,0
2001, Haryana,Plan Expenditure,0
2001,Delhi,Plan Expenditure,150917984
2001, Rajasthan,Plan Expenditure,4669000
2001, Uttar Pradesh,Plan Expenditure,44724000
2001, Bihar,Plan Expenditure,0
2001, Sikkim,Plan Expenditure,2000000
2001, Nagaland,Plan Expenditure,8112000
2001, Manipur,Plan Expenditure,697616
2001, Mizoram,Plan Expenditure,9929031
2001, Tripura,Plan Expenditure,4202000
2001, Meghalaya,Plan Expenditure,0
2001, Assam,Plan Expenditure,0
2001, West Bengal,Plan Expenditure,11423960
2001, Jharkhand,Plan Expenditure,45300000
2001, Odisha,Plan Expenditure,9860000
2001, Chhattisgarh,Plan Expenditure,35465952
2001, Madhya Pradesh,Plan Expenditure,0
2001, Gujarat,Plan Expenditure,2930000
2001,Daman & Diu,Plan Expenditure,0
2001,Dadra & Nagar Haveli,Plan Expenditure,0
2001, Maharashtra,Plan Expenditure,910000
2001, Andhra Pradesh,Plan Expenditure,22000000
2001, Karnataka,Plan Expenditure,0
2001, Goa,Plan Expenditure,68000
2001,Lakshadweep,Plan Expenditure,0
2001, Kerala,Plan Expenditure,6300000
2001, Tamil Nadu,Plan Expenditure,3232312
2001,Puducherry,Plan Expenditure,223000
2001,Andaman & Nicobar Islands,Plan Expenditure,5341000
2002, Jammu & Kashmir,Plan Expenditure,0
2002, Himachal Pradesh,Plan Expenditure,0
2002, Punjab,Plan Expenditure,2800000
2002,Chandigarh,Plan Expenditure,2400000
2002, Uttarakhand,Plan Expenditure,0
2002, Haryana,Plan Expenditure,87485000
2002,Delhi,Plan Expenditure,126521522
2002, Rajasthan,Plan Expenditure,4027000
2002, Uttar Pradesh,Plan Expenditure,108689000
2002, Bihar,Plan Expenditure,0
2002, Sikkim,Plan Expenditure,2000000
2002, Nagaland,Plan Expenditure,3500000
2002, Manipur,Plan Expenditure,4400000
2002, Mizoram,Plan Expenditure,12360000
2002, Tripura,Plan Expenditure,9015624
2002, Meghalaya,Plan Expenditure,2412915
2002, Assam,Plan Expenditure,12000000
2002, West Bengal,Plan Expenditure,9366810
2002, Jharkhand,Plan Expenditure,174365000
2002, Odisha,Plan Expenditure,972000
2002, Chhattisgarh,Plan Expenditure,0
2002, Madhya Pradesh,Plan Expenditure,0
2002, Gujarat,Plan Expenditure,1765000
2002,Daman & Diu,Plan Expenditure,0
2002,Dadra & Nagar Haveli,Plan Expenditure,0
2002, Maharashtra,Plan Expenditure,325000
2002, Andhra Pradesh,Plan Expenditure,0
2002, Karnataka,Plan Expenditure,9614000
2002, Goa,Plan Expenditure,5344000
2002,Lakshadweep,Plan Expenditure,0
2002, Kerala,Plan Expenditure,12000000
2002, Tamil Nadu,Plan Expenditure,52844000
2002,Puducherry,Plan Expenditure,0
2002,Andaman & Nicobar Islands,Plan Expenditure,8834000
2003, Jammu & Kashmir,Plan Expenditure,0
2003, Himachal Pradesh,Plan Expenditure,1392000
2003, Punjab,Plan Expenditure,2860000
2003,Chandigarh,Plan Expenditure,2500000
2003, Uttarakhand,Plan Expenditure,5340000
2003, Haryana,Plan Expenditure,266988000
2003,Delhi,Plan Expenditure,157169560
2003, Rajasthan,Plan Expenditure,1373000
2003, Uttar Pradesh,Plan Expenditure,622409000
2003, Bihar,Plan Expenditure,0
2003, Sikkim,Plan Expenditure,9000000
2003, Nagaland,Plan Expenditure,17791000
2003, Manipur,Plan Expenditure,4000000
2003, Mizoram,Plan Expenditure,18200000
2003, Tripura,Plan Expenditure,2716000
2003, Meghalaya,Plan Expenditure,264750
2003, Assam,Plan Expenditure,17865000
2003, West Bengal,Plan Expenditure,10019619
2003, Jharkhand,Plan Expenditure,79745668
2003, Odisha,Plan Expenditure,2292000
2003, Chhattisgarh,Plan Expenditure,0
2003, Madhya Pradesh,Plan Expenditure,101000
2003, Gujarat,Plan Expenditure,1154000
2003,Daman & Diu,Plan Expenditure,0
2003,Dadra & Nagar Haveli,Plan Expenditure,0
2003, Maharashtra,Plan Expenditure,0
2003, Andhra Pradesh,Plan Expenditure,441171000
2003, Karnataka,Plan Expenditure,19779000
2003, Goa,Plan Expenditure,0
2003,Lakshadweep,Plan Expenditure,0
2003, Kerala,Plan Expenditure,80163742
2003, Tamil Nadu,Plan Expenditure,58128400
2003,Puducherry,Plan Expenditure,374000
2003,Andaman & Nicobar Islands,Plan Expenditure,8158000
2004, Jammu & Kashmir,Plan Expenditure,48064700
2004, Himachal Pradesh,Plan Expenditure,10000000
2004, Punjab,Plan Expenditure,1335000
2004,Chandigarh,Plan Expenditure,3500000
2004, Uttarakhand,Plan Expenditure,4535000
2004, Haryana,Plan Expenditure,185721000
2004,Delhi,Plan Expenditure,223011000
2004, Rajasthan,Plan Expenditure,1461000
2004, Uttar Pradesh,Plan Expenditure,379432000
2004, Bihar,Plan Expenditure,0
2004, Sikkim,Plan Expenditure,33284000
2004, Nagaland,Plan Expenditure,35309000
2004, Manipur,Plan Expenditure,8350000
2004, Mizoram,Plan Expenditure,18800000
2004, Tripura,Plan Expenditure,1176000
2004, Meghalaya,Plan Expenditure,266374
2004, Assam,Plan Expenditure,2400000
2004, West Bengal,Plan Expenditure,7758113
2004, Jharkhand,Plan Expenditure,205732369
2004, Odisha,Plan Expenditure,81000
2004, Chhattisgarh,Plan Expenditure,0
2004, Madhya Pradesh,Plan Expenditure,1871000
2004, Gujarat,Plan Expenditure,9518081
2004,Daman & Diu,Plan Expenditure,0
2004,Dadra & Nagar Haveli,Plan Expenditure,0
2004, Maharashtra,Plan Expenditure,0
2004, Andhra Pradesh,Plan Expenditure,214137000
2004, Karnataka,Plan Expenditure,25217000
2004, Goa,Plan Expenditure,4231000
2004,Lakshadweep,Plan Expenditure,0
2004, Kerala,Plan Expenditure,13800000
2004, Tamil Nadu,Plan Expenditure,251122000
2004,Puducherry,Plan Expenditure,1703911
2004,Andaman & Nicobar Islands,Plan Expenditure,9867000
2005, Jammu & Kashmir,Plan Expenditure,0
2005, Himachal Pradesh,Plan Expenditure,10000000
2005, Punjab,Plan Expenditure,5000000
2005,Chandigarh,Plan Expenditure,2500000
2005, Uttarakhand,Plan Expenditure,0
2005, Haryana,Plan Expenditure,232300000
2005,Delhi,Plan Expenditure,111928361
2005, Rajasthan,Plan Expenditure,0
2005, Uttar Pradesh,Plan Expenditure,382559000
2005, Bihar,Plan Expenditure,0
2005, Sikkim,Plan Expenditure,21926000
2005, Nagaland,Plan Expenditure,21702000
2005, Manipur,Plan Expenditure,23575000
2005, Mizoram,Plan Expenditure,26999000
2005, Tripura,Plan Expenditure,25129725
2005, Meghalaya,Plan Expenditure,2116446
2005, Assam,Plan Expenditure,0
2005, West Bengal,Plan Expenditure,24400000
2005, Jharkhand,Plan Expenditure,69050218
2005, Odisha,Plan Expenditure,134000
2005, Chhattisgarh,Plan Expenditure,0
2005, Madhya Pradesh,Plan Expenditure,0
2005, Gujarat,Plan Expenditure,122353490
2005,Daman & Diu,Plan Expenditure,0
2005,Dadra & Nagar Haveli,Plan Expenditure,0
2005, Maharashtra,Plan Expenditure,2620000
2005, Andhra Pradesh,Plan Expenditure,214379000
2005, Karnataka,Plan Expenditure,11279000
2005, Goa,Plan Expenditure,0
2005,Lakshadweep,Plan Expenditure,0
2005, Kerala,Plan Expenditure,5908805
2005, Tamil Nadu,Plan Expenditure,122456000
2005,Puducherry,Plan Expenditure,2725811
2005,Andaman & Nicobar Islands,Plan Expenditure,9757727
2006, Jammu & Kashmir,Plan Expenditure,0
2006, Himachal Pradesh,Plan Expenditure,70688000
2006, Punjab,Plan Expenditure,0
2006,Chandigarh,Plan Expenditure,5000000
2006, Uttarakhand,Plan Expenditure,6452037
2006, Haryana,Plan Expenditure,284192000
2006,Delhi,Plan Expenditure,128277000
2006, Rajasthan,Plan Expenditure,166000
2006, Uttar Pradesh,Plan Expenditure,0
2006, Bihar,Plan Expenditure,0
2006, Sikkim,Plan Expenditure,10317000
2006, Nagaland,Plan Expenditure,46000000
2006, Manipur,Plan Expenditure,78500000
2006, Mizoram,Plan Expenditure,10218100
2006, Tripura,Plan Expenditure,10726771
2006, Meghalaya,Plan Expenditure,625861
2006, Assam,Plan Expenditure,189000
2006, West Bengal,Plan Expenditure,59000000
2006, Jharkhand,Plan Expenditure,136303236
2006, Odisha,Plan Expenditure,150000
2006, Chhattisgarh,Plan Expenditure,0
2006, Madhya Pradesh,Plan Expenditure,0
2006, Gujarat,Plan Expenditure,103940000
2006,Daman & Diu,Plan Expenditure,0
2006,Dadra & Nagar Haveli,Plan Expenditure,0
2006, Maharashtra,Plan Expenditure,4998000
2006, Andhra Pradesh,Plan Expenditure,55220000
2006, Karnataka,Plan Expenditure,4680000
2006, Goa,Plan Expenditure,0
2006,Lakshadweep,Plan Expenditure,0
2006, Kerala,Plan Expenditure,30980453
2006, Tamil Nadu,Plan Expenditure,159324000
2006,Puducherry,Plan Expenditure,1836000
2006,Andaman & Nicobar Islands,Plan Expenditure,11993000
2007, Jammu & Kashmir,Plan Expenditure,0
2007, Himachal Pradesh,Plan Expenditure,20100000
2007, Punjab,Plan Expenditure,0
2007,Chandigarh,Plan Expenditure,6800000
2007, Uttarakhand,Plan Expenditure,0
2007, Haryana,Plan Expenditure,443420000
2007,Delhi,Plan Expenditure,68261000
2007, Rajasthan,Plan Expenditure,0
2007, Uttar Pradesh,Plan Expenditure,0
2007, Bihar,Plan Expenditure,496790089
2007, Sikkim,Plan Expenditure,6218582
2007, Nagaland,Plan Expenditure,24594000
2007, Manipur,Plan Expenditure,20150000
2007, Mizoram,Plan Expenditure,28691817
2007, Tripura,Plan Expenditure,31736800
2007, Meghalaya,Plan Expenditure,6125000
2007, Assam,Plan Expenditure,0
2007, West Bengal,Plan Expenditure,53749391
2007, Jharkhand,Plan Expenditure,99743493
2007, Odisha,Plan Expenditure,150000
2007, Chhattisgarh,Plan Expenditure,0
2007, Madhya Pradesh,Plan Expenditure,13367000
2007, Gujarat,Plan Expenditure,13802696
2007,Daman & Diu,Plan Expenditure,0
2007,Dadra & Nagar Haveli,Plan Expenditure,0
2007, Maharashtra,Plan Expenditure,6983000
2007, Andhra Pradesh,Plan Expenditure,0
2007, Karnataka,Plan Expenditure,23466000
2007, Goa,Plan Expenditure,19447000
2007,Lakshadweep,Plan Expenditure,0
2007, Kerala,Plan Expenditure,16953259
2007, Tamil Nadu,Plan Expenditure,95900000
2007,Puducherry,Plan Expenditure,2302113
2007,Andaman & Nicobar Islands,Plan Expenditure,12663000
2001, Jammu & Kashmir,"Expenditure due to funds from other agencies (Central Govt, World Bank, etc.)",0
2001, Himachal Pradesh,"Expenditure due to funds from other agencies (Central Govt, World Bank, etc.)",0
2001, Punjab,"Expenditure due to funds from other agencies (Central Govt, World Bank, etc.)",0
2001,Chandigarh,"Expenditure due to funds from other agencies (Central Govt, World Bank, etc.)",0
2001, Uttarakhand,"Expenditure due to funds from other agencies (Central Govt, World Bank, etc.)",0
2001, Haryana,"Expenditure due to funds from other agencies (Central Govt, World Bank, etc.)",0
2001,Delhi,"Expenditure due to funds from other agencies (Central Govt, World Bank, etc.)",0
2001, Rajasthan,"Expenditure due to funds from other agencies (Central Govt, World Bank, etc.)",95000
2001, Uttar Pradesh,"Expenditure due to funds from other agencies (Central Govt, World Bank, etc.)",0
2001, Bihar,"Expenditure due to funds from other agencies (Central Govt, World Bank, etc.)",0
2001, Sikkim,"Expenditure due to funds from other agencies (Central Govt, World Bank, etc.)",0
2001, Nagaland,"Expenditure due to funds from other agencies (Central Govt, World Bank, etc.)",1010000
2001, Manipur,"Expenditure due to funds from other agencies (Central Govt, World Bank, etc.)",0
2001, Mizoram,"Expenditure due to funds from other agencies (Central Govt, World Bank, etc.)",1000000
2001, Tripura,"Expenditure due to funds from other agencies (Central Govt, World Bank, etc.)",0
2001, Meghalaya,"Expenditure due to funds from other agencies (Central Govt, World Bank, etc.)",0
2001, Assam,"Expenditure due to funds from other agencies (Central Govt, World Bank, etc.)",0
2001, West Bengal,"Expenditure due to funds from other agencies (Central Govt, World Bank, etc.)",79976050
2001, Jharkhand,"Expenditure due to funds from other agencies (Central Govt, World Bank, etc.)",0
2001, Odisha,"Expenditure due to funds from other agencies (Central Govt, World Bank, etc.)",0
2001, Chhattisgarh,"Expenditure due to funds from other agencies (Central Govt, World Bank, etc.)",0
2001, Madhya Pradesh,"Expenditure due to funds from other agencies (Central Govt, World Bank, etc.)",0
2001, Gujarat,"Expenditure due to funds from other agencies (Central Govt, World Bank, etc.)",2930000
2001,Daman & Diu,"Expenditure due to funds from other agencies (Central Govt, World Bank, etc.)",0
2001,Dadra & Nagar Haveli,"Expenditure due to funds from other agencies (Central Govt, World Bank, etc.)",0
2001, Maharashtra,"Expenditure due to funds from other agencies (Central Govt, World Bank, etc.)",0
2001, Andhra Pradesh,"Expenditure due to funds from other agencies (Central Govt, World Bank, etc.)",0
2001, Karnataka,"Expenditure due to funds from other agencies (Central Govt, World Bank, etc.)",6860166
2001, Goa,"Expenditure due to funds from other agencies (Central Govt, World Bank, etc.)",0
2001,Lakshadweep,"Expenditure due to funds from other agencies (Central Govt, World Bank, etc.)",0
2001, Kerala,"Expenditure due to funds from other agencies (Central Govt, World Bank, etc.)",0
2001, Tamil Nadu,"Expenditure due to funds from other agencies (Central Govt, World Bank, etc.)",0
2001,Puducherry,"Expenditure due to funds from other agencies (Central Govt, World Bank, etc.)",0
2001,Andaman & Nicobar Islands,"Expenditure due to funds from other agencies (Central Govt, World Bank, etc.)",0
2002, Jammu & Kashmir,"Expenditure due to funds from other agencies (Central Govt, World Bank, etc.)",0
2002, Himachal Pradesh,"Expenditure due to funds from other agencies (Central Govt, World Bank, etc.)",1498000
2002, Punjab,"Expenditure due to funds from other agencies (Central Govt, World Bank, etc.)",0
2002,Chandigarh,"Expenditure due to funds from other agencies (Central Govt, World Bank, etc.)",0
2002, Uttarakhand,"Expenditure due to funds from other agencies (Central Govt, World Bank, etc.)",6950904
2002, Haryana,"Expenditure due to funds from other agencies (Central Govt, World Bank, etc.)",0
2002,Delhi,"Expenditure due to funds from other agencies (Central Govt, World Bank, etc.)",0
2002, Rajasthan,"Expenditure due to funds from other agencies (Central Govt, World Bank, etc.)",101000
2002, Uttar Pradesh,"Expenditure due to funds from other agencies (Central Govt, World Bank, etc.)",0
2002, Bihar,"Expenditure due to funds from other agencies (Central Govt, World Bank, etc.)",0
2002, Sikkim,"Expenditure due to funds from other agencies (Central Govt, World Bank, etc.)",0
2002, Nagaland,"Expenditure due to funds from other agencies (Central Govt, World Bank, etc.)",3500000
2002, Manipur,"Expenditure due to funds from other agencies (Central Govt, World Bank, etc.)",0
2002, Mizoram,"Expenditure due to funds from other agencies (Central Govt, World Bank, etc.)",0
2002, Tripura,"Expenditure due to funds from other agencies (Central Govt, World Bank, etc.)",0
2002, Meghalaya,"Expenditure due to funds from other agencies (Central Govt, World Bank, etc.)",0
2002, Assam,"Expenditure due to funds from other agencies (Central Govt, World Bank, etc.)",0
2002, West Bengal,"Expenditure due to funds from other agencies (Central Govt, World Bank, etc.)",0
2002, Jharkhand,"Expenditure due to funds from other agencies (Central Govt, World Bank, etc.)",0
2002, Odisha,"Expenditure due to funds from other agencies (Central Govt, World Bank, etc.)",0
2002, Chhattisgarh,"Expenditure due to funds from other agencies (Central Govt, World Bank, etc.)",74700000
2002, Madhya Pradesh,"Expenditure due to funds from other agencies (Central Govt, World Bank, etc.)",0
2002, Gujarat,"Expenditure due to funds from other agencies (Central Govt, World Bank, etc.)",1765000
2002,Daman & Diu,"Expenditure due to funds from other agencies (Central Govt, World Bank, etc.)",0
2002,Dadra & Nagar Haveli,"Expenditure due to funds from other agencies (Central Govt, World Bank, etc.)",0
2002, Maharashtra,"Expenditure due to funds from other agencies (Central Govt, World Bank, etc.)",0
2002, Andhra Pradesh,"Expenditure due to funds from other agencies (Central Govt, World Bank, etc.)",0
2002, Karnataka,"Expenditure due to funds from other agencies (Central Govt, World Bank, etc.)",0
2002, Goa,"Expenditure due to funds from other agencies (Central Govt, World Bank, etc.)",0
2002,Lakshadweep,"Expenditure due to funds from other agencies (Central Govt, World Bank, etc.)",0
2002, Kerala,"Expenditure due to funds from other agencies (Central Govt, World Bank, etc.)",0
2002, Tamil Nadu,"Expenditure due to funds from other agencies (Central Govt, World Bank, etc.)",0
2002,Puducherry,"Expenditure due to funds from other agencies (Central Govt, World Bank, etc.)",0
2002,Andaman & Nicobar Islands,"Expenditure due to funds from other agencies (Central Govt, World Bank, etc.)",0
2003, Jammu & Kashmir,"Expenditure due to funds from other agencies (Central Govt, World Bank, etc.)",31003000
2003, Himachal Pradesh,"Expenditure due to funds from other agencies (Central Govt, World Bank, etc.)",0
2003, Punjab,"Expenditure due to funds from other agencies (Central Govt, World Bank, etc.)",0
2003,Chandigarh,"Expenditure due to funds from other agencies (Central Govt, World Bank, etc.)",0
2003, Uttarakhand,"Expenditure due to funds from other agencies (Central Govt, World Bank, etc.)",20000
2003, Haryana,"Expenditure due to funds from other agencies (Central Govt, World Bank, etc.)",0
2003,Delhi,"Expenditure due to funds from other agencies (Central Govt, World Bank, etc.)",0
2003, Rajasthan,"Expenditure due to funds from other agencies (Central Govt, World Bank, etc.)",0
2003, Uttar Pradesh,"Expenditure due to funds from other agencies (Central Govt, World Bank, etc.)",0
2003, Bihar,"Expenditure due to funds from other agencies (Central Govt, World Bank, etc.)",0
2003, Sikkim,"Expenditure due to funds from other agencies (Central Govt, World Bank, etc.)",27300000
2003, Nagaland,"Expenditure due to funds from other agencies (Central Govt, World Bank, etc.)",0
2003, Manipur,"Expenditure due to funds from other agencies (Central Govt, World Bank, etc.)",0
2003, Mizoram,"Expenditure due to funds from other agencies (Central Govt, World Bank, etc.)",26625000
2003, Tripura,"Expenditure due to funds from other agencies (Central Govt, World Bank, etc.)",0
2003, Meghalaya,"Expenditure due to funds from other agencies (Central Govt, World Bank, etc.)",0
2003, Assam,"Expenditure due to funds from other agencies (Central Govt, World Bank, etc.)",0
2003, West Bengal,"Expenditure due to funds from other agencies (Central Govt, World Bank, etc.)",0
2003, Jharkhand,"Expenditure due to funds from other agencies (Central Govt, World Bank, etc.)",0
2003, Odisha,"Expenditure due to funds from other agencies (Central Govt, World Bank, etc.)",0
2003, Chhattisgarh,"Expenditure due to funds from other agencies (Central Govt, World Bank, etc.)",0
2003, Madhya Pradesh,"Expenditure due to funds from other agencies (Central Govt, World Bank, etc.)",0
2003, Gujarat,"Expenditure due to funds from other agencies (Central Govt, World Bank, etc.)",0
2003,Daman & Diu,"Expenditure due to funds from other agencies (Central Govt, World Bank, etc.)",0
2003,Dadra & Nagar Haveli,"Expenditure due to funds from other agencies (Central Govt, World Bank, etc.)",0
2003, Maharashtra,"Expenditure due to funds from other agencies (Central Govt, World Bank, etc.)",297742000
2003, Andhra Pradesh,"Expenditure due to funds from other agencies (Central Govt, World Bank, etc.)",0
2003, Karnataka,"Expenditure due to funds from other agencies (Central Govt, World Bank, etc.)",21965000
2003, Goa,"Expenditure due to funds from other agencies (Central Govt, World Bank, etc.)",0
2003,Lakshadweep,"Expenditure due to funds from other agencies (Central Govt, World Bank, etc.)",0
2003, Kerala,"Expenditure due to funds from other agencies (Central Govt, World Bank, etc.)",65500000
2003, Tamil Nadu,"Expenditure due to funds from other agencies (Central Govt, World Bank, etc.)",0
2003,Puducherry,"Expenditure due to funds from other agencies (Central Govt, World Bank, etc.)",0
2003,Andaman & Nicobar Islands,"Expenditure due to funds from other agencies (Central Govt, World Bank, etc.)",0
2004, Jammu & Kashmir,"Expenditure due to funds from other agencies (Central Govt, World Bank, etc.)",39565000
2004, Himachal Pradesh,"Expenditure due to funds from other agencies (Central Govt, World Bank, etc.)",60600000
2004, Punjab,"Expenditure due to funds from other agencies (Central Govt, World Bank, etc.)",0
2004,Chandigarh,"Expenditure due to funds from other agencies (Central Govt, World Bank, etc.)",0
2004, Uttarakhand,"Expenditure due to funds from other agencies (Central Govt, World Bank, etc.)",25000
2004, Haryana,"Expenditure due to funds from other agencies (Central Govt, World Bank, etc.)",0
2004,Delhi,"Expenditure due to funds from other agencies (Central Govt, World Bank, etc.)",0
2004, Rajasthan,"Expenditure due to funds from other agencies (Central Govt, World Bank, etc.)",0
2004, Uttar Pradesh,"Expenditure due to funds from other agencies (Central Govt, World Bank, etc.)",0
2004, Bihar,"Expenditure due to funds from other agencies (Central Govt, World Bank, etc.)",0
2004, Sikkim,"Expenditure due to funds from other agencies (Central Govt, World Bank, etc.)",0
2004, Nagaland,"Expenditure due to funds from other agencies (Central Govt, World Bank, etc.)",23700000
2004, Manipur,"Expenditure due to funds from other agencies (Central Govt, World Bank, etc.)",23550000
2004, Mizoram,"Expenditure due to funds from other agencies (Central Govt, World Bank, etc.)",26625000
2004, Tripura,"Expenditure due to funds from other agencies (Central Govt, World Bank, etc.)",0
2004, Meghalaya,"Expenditure due to funds from other agencies (Central Govt, World Bank, etc.)",5210752
2004, Assam,"Expenditure due to funds from other agencies (Central Govt, World Bank, etc.)",178900000
2004, West Bengal,"Expenditure due to funds from other agencies (Central Govt, World Bank, etc.)",0
2004, Jharkhand,"Expenditure due to funds from other agencies (Central Govt, World Bank, etc.)",0
2004, Odisha,"Expenditure due to funds from other agencies (Central Govt, World Bank, etc.)",0
2004, Chhattisgarh,"Expenditure due to funds from other agencies (Central Govt, World Bank, etc.)",0
2004, Madhya Pradesh,"Expenditure due to funds from other agencies (Central Govt, World Bank, etc.)",0
2004, Gujarat,"Expenditure due to funds from other agencies (Central Govt, World Bank, etc.)",0
2004,Daman & Diu,"Expenditure due to funds from other agencies (Central Govt, World Bank, etc.)",0
2004,Dadra & Nagar Haveli,"Expenditure due to funds from other agencies (Central Govt, World Bank, etc.)",0
2004, Maharashtra,"Expenditure due to funds from other agencies (Central Govt, World Bank, etc.)",420597752
2004, Andhra Pradesh,"Expenditure due to funds from other agencies (Central Govt, World Bank, etc.)",0
2004, Karnataka,"Expenditure due to funds from other agencies (Central Govt, World Bank, etc.)",0
2004, Goa,"Expenditure due to funds from other agencies (Central Govt, World Bank, etc.)",0
2004,Lakshadweep,"Expenditure due to funds from other agencies (Central Govt, World Bank, etc.)",0
2004, Kerala,"Expenditure due to funds from other agencies (Central Govt, World Bank, etc.)",64275000
2004, Tamil Nadu,"Expenditure due to funds from other agencies (Central Govt, World Bank, etc.)",0
2004,Puducherry,"Expenditure due to funds from other agencies (Central Govt, World Bank, etc.)",0
2004,Andaman & Nicobar Islands,"Expenditure due to funds from other agencies (Central Govt, World Bank, etc.)",0
2005, Jammu & Kashmir,"Expenditure due to funds from other agencies (Central Govt, World Bank, etc.)",0
2005, Himachal Pradesh,"Expenditure due to funds from other agencies (Central Govt, World Bank, etc.)",35600000
2005, Punjab,"Expenditure due to funds from other agencies (Central Govt, World Bank, etc.)",0
2005,Chandigarh,"Expenditure due to funds from other agencies (Central Govt, World Bank, etc.)",0
2005, Uttarakhand,"Expenditure due to funds from other agencies (Central Govt, World Bank, etc.)",0
2005, Haryana,"Expenditure due to funds from other agencies (Central Govt, World Bank, etc.)",0
2005,Delhi,"Expenditure due to funds from other agencies (Central Govt, World Bank, etc.)",0
2005, Rajasthan,"Expenditure due to funds from other agencies (Central Govt, World Bank, etc.)",184000
2005, Uttar Pradesh,"Expenditure due to funds from other agencies (Central Govt, World Bank, etc.)",0
2005, Bihar,"Expenditure due to funds from other agencies (Central Govt, World Bank, etc.)",0
2005, Sikkim,"Expenditure due to funds from other agencies (Central Govt, World Bank, etc.)",0
2005, Nagaland,"Expenditure due to funds from other agencies (Central Govt, World Bank, etc.)",0
2005, Manipur,"Expenditure due to funds from other agencies (Central Govt, World Bank, etc.)",0
2005, Mizoram,"Expenditure due to funds from other agencies (Central Govt, World Bank, etc.)",0
2005, Tripura,"Expenditure due to funds from other agencies (Central Govt, World Bank, etc.)",0
2005, Meghalaya,"Expenditure due to funds from other agencies (Central Govt, World Bank, etc.)",0
2005, Assam,"Expenditure due to funds from other agencies (Central Govt, World Bank, etc.)",0
2005, West Bengal,"Expenditure due to funds from other agencies (Central Govt, World Bank, etc.)",0
2005, Jharkhand,"Expenditure due to funds from other agencies (Central Govt, World Bank, etc.)",447000
2005, Odisha,"Expenditure due to funds from other agencies (Central Govt, World Bank, etc.)",0
2005, Chhattisgarh,"Expenditure due to funds from other agencies (Central Govt, World Bank, etc.)",0
2005, Madhya Pradesh,"Expenditure due to funds from other agencies (Central Govt, World Bank, etc.)",0
2005, Gujarat,"Expenditure due to funds from other agencies (Central Govt, World Bank, etc.)",0
2005,Daman & Diu,"Expenditure due to funds from other agencies (Central Govt, World Bank, etc.)",0
2005,Dadra & Nagar Haveli,"Expenditure due to funds from other agencies (Central Govt, World Bank, etc.)",0
2005, Maharashtra,"Expenditure due to funds from other agencies (Central Govt, World Bank, etc.)",0
2005, Andhra Pradesh,"Expenditure due to funds from other agencies (Central Govt, World Bank, etc.)",0
2005, Karnataka,"Expenditure due to funds from other agencies (Central Govt, World Bank, etc.)",102116000
2005, Goa,"Expenditure due to funds from other agencies (Central Govt, World Bank, etc.)",0
2005,Lakshadweep,"Expenditure due to funds from other agencies (Central Govt, World Bank, etc.)",0
2005, Kerala,"Expenditure due to funds from other agencies (Central Govt, World Bank, etc.)",64275000
2005, Tamil Nadu,"Expenditure due to funds from other agencies (Central Govt, World Bank, etc.)",59870000
2005,Puducherry,"Expenditure due to funds from other agencies (Central Govt, World Bank, etc.)",0
2005,Andaman & Nicobar Islands,"Expenditure due to funds from other agencies (Central Govt, World Bank, etc.)",0
2006, Jammu & Kashmir,"Expenditure due to funds from other agencies (Central Govt, World Bank, etc.)",0
2006, Himachal Pradesh,"Expenditure due to funds from other agencies (Central Govt, World Bank, etc.)",50688000
2006, Punjab,"Expenditure due to funds from other agencies (Central Govt, World Bank, etc.)",0
2006,Chandigarh,"Expenditure due to funds from other agencies (Central Govt, World Bank, etc.)",0
2006, Uttarakhand,"Expenditure due to funds from other agencies (Central Govt, World Bank, etc.)",390300
2006, Haryana,"Expenditure due to funds from other agencies (Central Govt, World Bank, etc.)",0
2006,Delhi,"Expenditure due to funds from other agencies (Central Govt, World Bank, etc.)",0
2006, Rajasthan,"Expenditure due to funds from other agencies (Central Govt, World Bank, etc.)",188000
2006, Uttar Pradesh,"Expenditure due to funds from other agencies (Central Govt, World Bank, etc.)",0
2006, Bihar,"Expenditure due to funds from other agencies (Central Govt, World Bank, etc.)",0
2006, Sikkim,"Expenditure due to funds from other agencies (Central Govt, World Bank, etc.)",0
2006, Nagaland,"Expenditure due to funds from other agencies (Central Govt, World Bank, etc.)",0
2006, Manipur,"Expenditure due to funds from other agencies (Central Govt, World Bank, etc.)",0
2006, Mizoram,"Expenditure due to funds from other agencies (Central Govt, World Bank, etc.)",35523800
2006, Tripura,"Expenditure due to funds from other agencies (Central Govt, World Bank, etc.)",0
2006, Meghalaya,"Expenditure due to funds from other agencies (Central Govt, World Bank, etc.)",0
2006, Assam,"Expenditure due to funds from other agencies (Central Govt, World Bank, etc.)",0
2006, West Bengal,"Expenditure due to funds from other agencies (Central Govt, World Bank, etc.)",0
2006, Jharkhand,"Expenditure due to funds from other agencies (Central Govt, World Bank, etc.)",0
2006, Odisha,"Expenditure due to funds from other agencies (Central Govt, World Bank, etc.)",0
2006, Chhattisgarh,"Expenditure due to funds from other agencies (Central Govt, World Bank, etc.)",0
2006, Madhya Pradesh,"Expenditure due to funds from other agencies (Central Govt, World Bank, etc.)",0
2006, Gujarat,"Expenditure due to funds from other agencies (Central Govt, World Bank, etc.)",0
2006,Daman & Diu,"Expenditure due to funds from other agencies (Central Govt, World Bank, etc.)",0
2006,Dadra & Nagar Haveli,"Expenditure due to funds from other agencies (Central Govt, World Bank, etc.)",0
2006, Maharashtra,"Expenditure due to funds from other agencies (Central Govt, World Bank, etc.)",151634000
2006, Andhra Pradesh,"Expenditure due to funds from other agencies (Central Govt, World Bank, etc.)",0
2006, Karnataka,"Expenditure due to funds from other agencies (Central Govt, World Bank, etc.)",0
2006, Goa,"Expenditure due to funds from other agencies (Central Govt, World Bank, etc.)",0
2006,Lakshadweep,"Expenditure due to funds from other agencies (Central Govt, World Bank, etc.)",0
2006, Kerala,"Expenditure due to funds from other agencies (Central Govt, World Bank, etc.)",0
2006, Tamil Nadu,"Expenditure due to funds from other agencies (Central Govt, World Bank, etc.)",44475000
2006,Puducherry,"Expenditure due to funds from other agencies (Central Govt, World Bank, etc.)",0
2006,Andaman & Nicobar Islands,"Expenditure due to funds from other agencies (Central Govt, World Bank, etc.)",0
2007, Jammu & Kashmir,"Expenditure due to funds from other agencies (Central Govt, World Bank, etc.)",0
2007, Himachal Pradesh,"Expenditure due to funds from other agencies (Central Govt, World Bank, etc.)",0
2007, Punjab,"Expenditure due to funds from other agencies (Central Govt, World Bank, etc.)",0
2007,Chandigarh,"Expenditure due to funds from other agencies (Central Govt, World Bank, etc.)",0
2007, Uttarakhand,"Expenditure due to funds from other agencies (Central Govt, World Bank, etc.)",21949394
2007, Haryana,"Expenditure due to funds from other agencies (Central Govt, World Bank, etc.)",0
2007,Delhi,"Expenditure due to funds from other agencies (Central Govt, World Bank, etc.)",0
2007, Rajasthan,"Expenditure due to funds from other agencies (Central Govt, World Bank, etc.)",169000
2007, Uttar Pradesh,"Expenditure due to funds from other agencies (Central Govt, World Bank, etc.)",0
2007, Bihar,"Expenditure due to funds from other agencies (Central Govt, World Bank, etc.)",387337500
2007, Sikkim,"Expenditure due to funds from other agencies (Central Govt, World Bank, etc.)",0
2007, Nagaland,"Expenditure due to funds from other agencies (Central Govt, World Bank, etc.)",0
2007, Manipur,"Expenditure due to funds from other agencies (Central Govt, World Bank, etc.)",0
2007, Mizoram,"Expenditure due to funds from other agencies (Central Govt, World Bank, etc.)",26624694
2007, Tripura,"Expenditure due to funds from other agencies (Central Govt, World Bank, etc.)",0
2007, Meghalaya,"Expenditure due to funds from other agencies (Central Govt, World Bank, etc.)",18377000
2007, Assam,"Expenditure due to funds from other agencies (Central Govt, World Bank, etc.)",0
2007, West Bengal,"Expenditure due to funds from other agencies (Central Govt, World Bank, etc.)",55379146
2007, Jharkhand,"Expenditure due to funds from other agencies (Central Govt, World Bank, etc.)",0
2007, Odisha,"Expenditure due to funds from other agencies (Central Govt, World Bank, etc.)",0
2007, Chhattisgarh,"Expenditure due to funds from other agencies (Central Govt, World Bank, etc.)",0
2007, Madhya Pradesh,"Expenditure due to funds from other agencies (Central Govt, World Bank, etc.)",0
2007, Gujarat,"Expenditure due to funds from other agencies (Central Govt, World Bank, etc.)",0
2007,Daman & Diu,"Expenditure due to funds from other agencies (Central Govt, World Bank, etc.)",0
2007,Dadra & Nagar Haveli,"Expenditure due to funds from other agencies (Central Govt, World Bank, etc.)",0
2007, Maharashtra,"Expenditure due to funds from other agencies (Central Govt, World Bank, etc.)",245500000
2007, Andhra Pradesh,"Expenditure due to funds from other agencies (Central Govt, World Bank, etc.)",0
2007, Karnataka,"Expenditure due to funds from other agencies (Central Govt, World Bank, etc.)",0
2007, Goa,"Expenditure due to funds from other agencies (Central Govt, World Bank, etc.)",0
2007,Lakshadweep,"Expenditure due to funds from other agencies (Central Govt, World Bank, etc.)",0
2007, Kerala,"Expenditure due to funds from other agencies (Central Govt, World Bank, etc.)",78390000
2007, Tamil Nadu,"Expenditure due to funds from other agencies (Central Govt, World Bank, etc.)",80500000
2007,Puducherry,"Expenditure due to funds from other agencies (Central Govt, World Bank, etc.)",0
2007,Andaman & Nicobar Islands,"Expenditure due to funds from other agencies (Central Govt, World Bank, etc.)",0
2001, Jammu & Kashmir,Total Expenditure,187226600
2001, Himachal Pradesh,Total Expenditure,58833000
2001, Punjab,Total Expenditure,396237000
2001,Chandigarh,Total Expenditure,23803000
2001, Uttarakhand,Total Expenditure,56990456
2001, Haryana,Total Expenditure,148985000
2001,Delhi,Total Expenditure,350951379
2001, Rajasthan,Total Expenditure,307888000
2001, Uttar Pradesh,Total Expenditure,1085693000
2001, Bihar,Total Expenditure,0
2001, Sikkim,Total Expenditure,12175313
2001, Nagaland,Total Expenditure,57513404
2001, Manipur,Total Expenditure,43687121
2001, Mizoram,Total Expenditure,47571922
2001, Tripura,Total Expenditure,61126000
2001, Meghalaya,Total Expenditure,18383960
2001, Assam,Total Expenditure,142415000
2001, West Bengal,Total Expenditure,629802828
2001, Jharkhand,Total Expenditure,266112000
2001, Odisha,Total Expenditure,290198000
2001, Chhattisgarh,Total Expenditure,125689350
2001, Madhya Pradesh,Total Expenditure,643455000
2001, Gujarat,Total Expenditure,243974790
2001,Daman & Diu,Total Expenditure,1263938
2001,Dadra & Nagar Haveli,Total Expenditure,499386
2001, Maharashtra,Total Expenditure,305783000
2001, Andhra Pradesh,Total Expenditure,714321000
2001, Karnataka,Total Expenditure,266110166
2001, Goa,Total Expenditure,19925000
2001,Lakshadweep,Total Expenditure,0
2001, Kerala,Total Expenditure,205509000
2001, Tamil Nadu,Total Expenditure,500124072
2001,Puducherry,Total Expenditure,9556000
2001,Andaman & Nicobar Islands,Total Expenditure,15288000
2002, Jammu & Kashmir,Total Expenditure,201518500
2002, Himachal Pradesh,Total Expenditure,51413000
2002, Punjab,Total Expenditure,520193000
2002,Chandigarh,Total Expenditure,25500000
2002, Uttarakhand,Total Expenditure,76124446
2002, Haryana,Total Expenditure,270805000
2002,Delhi,Total Expenditure,569485891
2002, Rajasthan,Total Expenditure,301978000
2002, Uttar Pradesh,Total Expenditure,615658000
2002, Bihar,Total Expenditure,592383000
2002, Sikkim,Total Expenditure,12175313
2002, Nagaland,Total Expenditure,69827000
2002, Manipur,Total Expenditure,45055003
2002, Mizoram,Total Expenditure,50350000
2002, Tripura,Total Expenditure,62232624
2002, Meghalaya,Total Expenditure,9757618
2002, Assam,Total Expenditure,157409000
2002, West Bengal,Total Expenditure,543273664
2002, Jharkhand,Total Expenditure,414326000
2002, Odisha,Total Expenditure,286652000
2002, Chhattisgarh,Total Expenditure,315340109
2002, Madhya Pradesh,Total Expenditure,583793000
2002, Gujarat,Total Expenditure,235450050
2002,Daman & Diu,Total Expenditure,367740
2002,Dadra & Nagar Haveli,Total Expenditure,400000
2002, Maharashtra,Total Expenditure,346894000
2002, Andhra Pradesh,Total Expenditure,344593000
2002, Karnataka,Total Expenditure,287642987
2002, Goa,Total Expenditure,26681000
2002,Lakshadweep,Total Expenditure,19302
2002, Kerala,Total Expenditure,206704903
2002, Tamil Nadu,Total Expenditure,565369000
2002,Puducherry,Total Expenditure,9365000
2002,Andaman & Nicobar Islands,Total Expenditure,21444000
2003, Jammu & Kashmir,Total Expenditure,202700300
2003, Himachal Pradesh,Total Expenditure,51308000
2003, Punjab,Total Expenditure,471860110
2003,Chandigarh,Total Expenditure,26600000
2003, Uttarakhand,Total Expenditure,32650348
2003, Haryana,Total Expenditure,536302225
2003,Delhi,Total Expenditure,582026031
2003, Rajasthan,Total Expenditure,319731000
2003, Uttar Pradesh,Total Expenditure,1739785000
2003, Bihar,Total Expenditure,602120616
2003, Sikkim,Total Expenditure,48314000
2003, Nagaland,Total Expenditure,72066000
2003, Manipur,Total Expenditure,42339500
2003, Mizoram,Total Expenditure,88285000
2003, Tripura,Total Expenditure,61781000
2003, Meghalaya,Total Expenditure,12661208
2003, Assam,Total Expenditure,204678000
2003, West Bengal,Total Expenditure,721692324
2003, Jharkhand,Total Expenditure,153840764
2003, Odisha,Total Expenditure,288290000
2003, Chhattisgarh,Total Expenditure,240640109
2003, Madhya Pradesh,Total Expenditure,583568000
2003, Gujarat,Total Expenditure,236930795
2003,Daman & Diu,Total Expenditure,1923000
2003,Dadra & Nagar Haveli,Total Expenditure,400000
2003, Maharashtra,Total Expenditure,803931000
2003, Andhra Pradesh,Total Expenditure,721891000
2003, Karnataka,Total Expenditure,355268000
2003, Goa,Total Expenditure,17203874
2003,Lakshadweep,Total Expenditure,3937
2003, Kerala,Total Expenditure,302926144
2003, Tamil Nadu,Total Expenditure,621915900
2003,Puducherry,Total Expenditure,10763000
2003,Andaman & Nicobar Islands,Total Expenditure,18078000
2004, Jammu & Kashmir,Total Expenditure,214750800
2004, Himachal Pradesh,Total Expenditure,125899000
2004, Punjab,Total Expenditure,533654000
2004,Chandigarh,Total Expenditure,25605000
2004, Uttarakhand,Total Expenditure,68720798
2004, Haryana,Total Expenditure,537181154
2004,Delhi,Total Expenditure,630262000
2004, Rajasthan,Total Expenditure,354553000
2004, Uttar Pradesh,Total Expenditure,1654790000
2004, Bihar,Total Expenditure,655000754
2004, Sikkim,Total Expenditure,52217936
2004, Nagaland,Total Expenditure,136235000
2004, Manipur,Total Expenditure,81425814
2004, Mizoram,Total Expenditure,95085000
2004, Tripura,Total Expenditure,98813000
2004, Meghalaya,Total Expenditure,10625373
2004, Assam,Total Expenditure,188300000
2004, West Bengal,Total Expenditure,657098822
2004, Jharkhand,Total Expenditure,617862405
2004, Odisha,Total Expenditure,293429000
2004, Chhattisgarh,Total Expenditure,227937966
2004, Madhya Pradesh,Total Expenditure,618495000
2004, Gujarat,Total Expenditure,274185174
2004,Daman & Diu,Total Expenditure,2102666
2004,Dadra & Nagar Haveli,Total Expenditure,400000
2004, Maharashtra,Total Expenditure,969644670
2004, Andhra Pradesh,Total Expenditure,868708000
2004, Karnataka,Total Expenditure,549585000
2004, Goa,Total Expenditure,27752000
2004,Lakshadweep,Total Expenditure,100000
2004, Kerala,Total Expenditure,81375000
2004, Tamil Nadu,Total Expenditure,715590000
2004,Puducherry,Total Expenditure,12596019
2004,Andaman & Nicobar Islands,Total Expenditure,20381000
2005, Jammu & Kashmir,Total Expenditure,261400000
2005, Himachal Pradesh,Total Expenditure,113338000
2005, Punjab,Total Expenditure,634508000
2005,Chandigarh,Total Expenditure,30112000
2005, Uttarakhand,Total Expenditure,83482539
2005, Haryana,Total Expenditure,625100000
2005,Delhi,Total Expenditure,439994876
2005, Rajasthan,Total Expenditure,361566000
2005, Uttar Pradesh,Total Expenditure,1816881000
2005, Bihar,Total Expenditure,704255000
2005, Sikkim,Total Expenditure,37921230
2005, Nagaland,Total Expenditure,109323000
2005, Manipur,Total Expenditure,80686100
2005, Mizoram,Total Expenditure,72825000
2005, Tripura,Total Expenditure,117462976
2005, Meghalaya,Total Expenditure,28168292
2005, Assam,Total Expenditure,241268000
2005, West Bengal,Total Expenditure,688676585
2005, Jharkhand,Total Expenditure,148498518
2005, Odisha,Total Expenditure,310138000
2005, Chhattisgarh,Total Expenditure,197301013
2005, Madhya Pradesh,Total Expenditure,673079700
2005, Gujarat,Total Expenditure,399630963
2005,Daman & Diu,Total Expenditure,1160000
2005,Dadra & Nagar Haveli,Total Expenditure,500000
2005, Maharashtra,Total Expenditure,989312763
2005, Andhra Pradesh,Total Expenditure,833077000
2005, Karnataka,Total Expenditure,560109000
2005, Goa,Total Expenditure,20798529
2005,Lakshadweep,Total Expenditure,100000
2005, Kerala,Total Expenditure,378487740
2005, Tamil Nadu,Total Expenditure,207530000
2005,Puducherry,Total Expenditure,14304935
2005,Andaman & Nicobar Islands,Total Expenditure,20405459
2006, Jammu & Kashmir,Total Expenditure,262451400
2006, Himachal Pradesh,Total Expenditure,124449000
2006, Punjab,Total Expenditure,679475000
2006,Chandigarh,Total Expenditure,33400000
2006, Uttarakhand,Total Expenditure,21579837
2006, Haryana,Total Expenditure,715333464
2006,Delhi,Total Expenditure,128277000
2006, Rajasthan,Total Expenditure,387200000
2006, Uttar Pradesh,Total Expenditure,2058334000
2006, Bihar,Total Expenditure,529551501
2006, Sikkim,Total Expenditure,24411020
2006, Nagaland,Total Expenditure,132777000
2006, Manipur,Total Expenditure,121596887
2006, Mizoram,Total Expenditure,63895700
2006, Tripura,Total Expenditure,64923236
2006, Meghalaya,Total Expenditure,5755376
2006, Assam,Total Expenditure,72065000
2006, West Bengal,Total Expenditure,744842375
2006, Jharkhand,Total Expenditure,199727794
2006, Odisha,Total Expenditure,359115000
2006, Chhattisgarh,Total Expenditure,363415095
2006, Madhya Pradesh,Total Expenditure,724874000
2006, Gujarat,Total Expenditure,201431000
2006,Daman & Diu,Total Expenditure,0
2006,Dadra & Nagar Haveli,Total Expenditure,250000
2006, Maharashtra,Total Expenditure,156632000
2006, Andhra Pradesh,Total Expenditure,726377400
2006, Karnataka,Total Expenditure,33680300
2006, Goa,Total Expenditure,24368043
2006,Lakshadweep,Total Expenditure,100000
2006, Kerala,Total Expenditure,152995147
2006, Tamil Nadu,Total Expenditure,237498000
2006,Puducherry,Total Expenditure,13760000
2006,Andaman & Nicobar Islands,Total Expenditure,23743000
2007, Jammu & Kashmir,Total Expenditure,269258600
2007, Himachal Pradesh,Total Expenditure,110942000
2007, Punjab,Total Expenditure,1028442000
2007,Chandigarh,Total Expenditure,42713000
2007, Uttarakhand,Total Expenditure,86048439
2007, Haryana,Total Expenditure,935533000
2007,Delhi,Total Expenditure,909258000
2007, Rajasthan,Total Expenditure,463999000
2007, Uttar Pradesh,Total Expenditure,1935724000
2007, Bihar,Total Expenditure,1013240089
2007, Sikkim,Total Expenditure,23281597
2007, Nagaland,Total Expenditure,117126000
2007, Manipur,Total Expenditure,68075124
2007, Mizoram,Total Expenditure,103927052
2007, Tripura,Total Expenditure,85406189
2007, Meghalaya,Total Expenditure,47005463
2007, Assam,Total Expenditure,317314000
2007, West Bengal,Total Expenditure,941876087
2007, Jharkhand,Total Expenditure,239772589
2007, Odisha,Total Expenditure,417378000
2007, Chhattisgarh,Total Expenditure,310212401
2007, Madhya Pradesh,Total Expenditure,826100000
2007, Gujarat,Total Expenditure,351578869
2007,Daman & Diu,Total Expenditure,2250000
2007,Dadra & Nagar Haveli,Total Expenditure,0
2007, Maharashtra,Total Expenditure,1114957000
2007, Andhra Pradesh,Total Expenditure,750850000
2007, Karnataka,Total Expenditure,491048571
2007, Goa,Total Expenditure,51112000
2007,Lakshadweep,Total Expenditure,0
2007, Kerala,Total Expenditure,182058786
2007, Tamil Nadu,Total Expenditure,221216000
2007,Puducherry,Total Expenditure,13662173
2007,Andaman & Nicobar Islands,Total Expenditure,26223000
2008, Jammu & Kashmir,Non-Plan Expenditure,217845500
2008, Himachal Pradesh,Non-Plan Expenditure,104689715
2008, Punjab,Non-Plan Expenditure,958502000
2008,Chandigarh,Non-Plan Expenditure,41800000
2008, Uttarakhand,Non-Plan Expenditure,130381000
2008, Haryana,Non-Plan Expenditure,629051000
2008,Delhi,Non-Plan Expenditure,836885000
2008, Rajasthan,Non-Plan Expenditure,551163000
2008, Uttar Pradesh,Non-Plan Expenditure,4074777000
2008, Bihar,Non-Plan Expenditure,1014501186
2008, Sikkim,Non-Plan Expenditure,26436828
2008, Nagaland,Non-Plan Expenditure,110038000
2008, Manipur,Non-Plan Expenditure,60096310
2008, Mizoram,Non-Plan Expenditure,55232933
2008, Tripura,Non-Plan Expenditure,118680751
2008, Meghalaya,Non-Plan Expenditure,42642000
2008, Assam,Non-Plan Expenditure,418844000
2008, West Bengal,Non-Plan Expenditure,959838000
2008, Jharkhand,Non-Plan Expenditure,213593743
2008, Odisha,Non-Plan Expenditure,589135000
2008, Chhattisgarh,Non-Plan Expenditure,302147320
2008, Madhya Pradesh,Non-Plan Expenditure,959900000
2008, Gujarat,Non-Plan Expenditure,419000330
2008,Daman & Diu,Non-Plan Expenditure,2700000
2008,Dadra & Nagar Haveli,Non-Plan Expenditure,355000
2008, Maharashtra,Non-Plan Expenditure,977393000
2008, Andhra Pradesh,Non-Plan Expenditure,869678700
2008, Karnataka,Non-Plan Expenditure,509676660
2008, Goa,Non-Plan Expenditure,26144000
2008,Lakshadweep,Non-Plan Expenditure,49198
2008, Kerala,Non-Plan Expenditure,368772625
2008, Tamil Nadu,Non-Plan Expenditure,878008000
2008,Puducherry,Non-Plan Expenditure,17806000
2008,Andaman & Nicobar Islands,Non-Plan Expenditure,16627671
2008, Jammu & Kashmir,Plan Expenditure,0
2008, Himachal Pradesh,Plan Expenditure,20000000
2008, Punjab,Plan Expenditure,0
2008,Chandigarh,Plan Expenditure,5000000
2008, Uttarakhand,Plan Expenditure,0
2008, Haryana,Plan Expenditure,175907000
2008,Delhi,Plan Expenditure,48107000
2008, Rajasthan,Plan Expenditure,10000000
2008, Uttar Pradesh,Plan Expenditure,0
2008, Bihar,Plan Expenditure,673388524
2008, Sikkim,Plan Expenditure,34875000
2008, Nagaland,Plan Expenditure,27100000
2008, Manipur,Plan Expenditure,17453000
2008, Mizoram,Plan Expenditure,26916490
2008, Tripura,Plan Expenditure,75336599
2008, Meghalaya,Plan Expenditure,11000000
2008, Assam,Plan Expenditure,19462000
2008, West Bengal,Plan Expenditure,91377000
2008, Jharkhand,Plan Expenditure,196428060
2008, Odisha,Plan Expenditure,0
2008, Chhattisgarh,Plan Expenditure,0
2008, Madhya Pradesh,Plan Expenditure,26638000
2008, Gujarat,Plan Expenditure,141030000
2008,Daman & Diu,Plan Expenditure,0
2008,Dadra & Nagar Haveli,Plan Expenditure,0
2008, Maharashtra,Plan Expenditure,0
2008, Andhra Pradesh,Plan Expenditure,0
2008, Karnataka,Plan Expenditure,19351546
2008, Goa,Plan Expenditure,0
2008,Lakshadweep,Plan Expenditure,0
2008, Kerala,Plan Expenditure,44398156
2008, Tamil Nadu,Plan Expenditure,84107000
2008,Puducherry,Plan Expenditure,5708000
2008,Andaman & Nicobar Islands,Plan Expenditure,17500000
2008, Jammu & Kashmir,"Expenditure due to funds from other agencies (Central Govt, World Bank, etc.)",0
2008, Himachal Pradesh,"Expenditure due to funds from other agencies (Central Govt, World Bank, etc.)",0
2008, Punjab,"Expenditure due to funds from other agencies (Central Govt, World Bank, etc.)",0
2008,Chandigarh,Total Expenditure,46800000
2008, Uttarakhand,Total Expenditure,130381000
2008, Haryana,Total Expenditure,804958000
2008,Delhi,Total Expenditure,884992000
2008, Rajasthan,Total Expenditure,561163000
2008, Uttar Pradesh,Total Expenditure,4074777000
2008, Bihar,Total Expenditure,1687889710
2008, Sikkim,Total Expenditure,61311828
2008, Nagaland,Total Expenditure,137138000
2008, Manipur,Total Expenditure,77549310
2008, Mizoram,Total Expenditure,108774245
2008, Tripura,Total Expenditure,194017350
2008, Meghalaya,Total Expenditure,53642000
2008,Chandigarh,"Expenditure due to funds from other agencies (Central Govt, World Bank, etc.)",0
2008, Uttarakhand,"Expenditure due to funds from other agencies (Central Govt, World Bank, etc.)",0
2008, Haryana,"Expenditure due to funds from other agencies (Central Govt, World Bank, etc.)",0
2008,Delhi,"Expenditure due to funds from other agencies (Central Govt, World Bank, etc.)",0
2008, Rajasthan,"Expenditure due to funds from other agencies (Central Govt, World Bank, etc.)",0
2008, Uttar Pradesh,"Expenditure due to funds from other agencies (Central Govt, World Bank, etc.)",0
2008, Bihar,"Expenditure due to funds from other agencies (Central Govt, World Bank, etc.)",0
2008, Sikkim,"Expenditure due to funds from other agencies (Central Govt, World Bank, etc.)",0
2008, Nagaland,"Expenditure due to funds from other agencies (Central Govt, World Bank, etc.)",0
2008, Manipur,"Expenditure due to funds from other agencies (Central Govt, World Bank, etc.)",0
2008, Mizoram,"Expenditure due to funds from other agencies (Central Govt, World Bank, etc.)",26624822
2008, Tripura,"Expenditure due to funds from other agencies (Central Govt, World Bank, etc.)",0
2008, Meghalaya,"Expenditure due to funds from other agencies (Central Govt, World Bank, etc.)",0
2008, Assam,"Expenditure due to funds from other agencies (Central Govt, World Bank, etc.)",0
2008, West Bengal,"Expenditure due to funds from other agencies (Central Govt, World Bank, etc.)",81747000
2008, Jharkhand,"Expenditure due to funds from other agencies (Central Govt, World Bank, etc.)",25000000
2008, Odisha,"Expenditure due to funds from other agencies (Central Govt, World Bank, etc.)",0
2008, Chhattisgarh,"Expenditure due to funds from other agencies (Central Govt, World Bank, etc.)",0
2008, Madhya Pradesh,"Expenditure due to funds from other agencies (Central Govt, World Bank, etc.)",0
2008, Gujarat,"Expenditure due to funds from other agencies (Central Govt, World Bank, etc.)",0
2008,Daman & Diu,"Expenditure due to funds from other agencies (Central Govt, World Bank, etc.)",0
2008,Dadra & Nagar Haveli,"Expenditure due to funds from other agencies (Central Govt, World Bank, etc.)",0
2008, Maharashtra,"Expenditure due to funds from other agencies (Central Govt, World Bank, etc.)",0
2008, Andhra Pradesh,"Expenditure due to funds from other agencies (Central Govt, World Bank, etc.)",159450000
2008, Karnataka,"Expenditure due to funds from other agencies (Central Govt, World Bank, etc.)",0
2008, Goa,"Expenditure due to funds from other agencies (Central Govt, World Bank, etc.)",0
2008,Lakshadweep,"Expenditure due to funds from other agencies (Central Govt, World Bank, etc.)",0
2008, Kerala,"Expenditure due to funds from other agencies (Central Govt, World Bank, etc.)",0
2008, Tamil Nadu,"Expenditure due to funds from other agencies (Central Govt, World Bank, etc.)",63080000
2008,Puducherry,"Expenditure due to funds from other agencies (Central Govt, World Bank, etc.)",0
2008,Andaman & Nicobar Islands,"Expenditure due to funds from other agencies (Central Govt, World Bank, etc.)",0
2008, Jammu & Kashmir,Total Expenditure,217845500
2008, Himachal Pradesh,Total Expenditure,124689715
2008, Punjab,Total Expenditure,958502000
2008, Assam,Total Expenditure,438306000
2008, West Bengal,Total Expenditure,1132962000
2008, Jharkhand,Total Expenditure,435021803
2008, Odisha,Total Expenditure,589135000
2008, Chhattisgarh,Total Expenditure,302147320
2008, Madhya Pradesh,Total Expenditure,986538000
2008, Gujarat,Total Expenditure,560030330
2008,Daman & Diu,Total Expenditure,2700000
2008,Dadra & Nagar Haveli,Total Expenditure,355000
2008, Maharashtra,Total Expenditure,977393000
2008, Andhra Pradesh,Total Expenditure,1029128700
2008, Karnataka,Total Expenditure,529028206
2008, Goa,Total Expenditure,26144000
2008,Lakshadweep,Total Expenditure,49198
2008, Kerala,Total Expenditure,413170781
2008, Tamil Nadu,Total Expenditure,1025195000
2008,Puducherry,Total Expenditure,23514000
2008,Andaman & Nicobar Islands,Total Expenditure,34127671
2009, Jammu & Kashmir,Non-Plan Expenditure,345595500
2009, Himachal Pradesh,Non-Plan Expenditure,124500418
2009, Punjab,Non-Plan Expenditure,1027899000
2009,Chandigarh,Non-Plan Expenditure,55300000
2009, Uttarakhand,Non-Plan Expenditure,94550752
2009, Haryana,Non-Plan Expenditure,717405000
2009,Delhi,Non-Plan Expenditure,1110174915
2009, Rajasthan,Non-Plan Expenditure,582615000
2009, Uttar Pradesh,Non-Plan Expenditure,4762245000
2009, Bihar,Non-Plan Expenditure,1096753808
2009, Sikkim,Non-Plan Expenditure,43041106
2009, Arunachal Pradesh,Non-Plan Expenditure,34312433
2009, Nagaland,Non-Plan Expenditure,135011000
2009, Manipur,Non-Plan Expenditure,65124671
2009, Mizoram,Non-Plan Expenditure,75093796
2009, Tripura,Non-Plan Expenditure,132614552
2009, Meghalaya,Non-Plan Expenditure,8353433
2009, Assam,Non-Plan Expenditure,396401000
2009, West Bengal,Non-Plan Expenditure,1322641385
2009, Jharkhand,Non-Plan Expenditure,265427469
2009, Odisha,Non-Plan Expenditure,686515000
2009, Chhattisgarh,Non-Plan Expenditure,510141997
2009, Madhya Pradesh,Non-Plan Expenditure,1149058000
2009, Gujarat,Non-Plan Expenditure,441088882
2009,Daman & Diu,Non-Plan Expenditure,3705000
2009,Dadra & Nagar Haveli,Non-Plan Expenditure,948000
2009, Maharashtra,Non-Plan Expenditure,1226353957
2009, Andhra Pradesh,Non-Plan Expenditure,919920100
2009, Karnataka,Non-Plan Expenditure,517823846
2009, Goa,Non-Plan Expenditure,57535000
2009,Lakshadweep,Non-Plan Expenditure,46829
2009, Kerala,Non-Plan Expenditure,401722448
2009, Tamil Nadu,Non-Plan Expenditure,36216000
2009,Puducherry,Non-Plan Expenditure,15897920
2009,Andaman & Nicobar Islands,Non-Plan Expenditure,19417376
2010, Jammu & Kashmir,Non-Plan Expenditure,355523400
2010, Himachal Pradesh,Non-Plan Expenditure,155465274
2010, Punjab,Non-Plan Expenditure,1069358000
2010,Chandigarh,Non-Plan Expenditure,61636809
2010, Uttarakhand,Non-Plan Expenditure,172084264
2010, Haryana,Non-Plan Expenditure,839287000
2010,Delhi,Non-Plan Expenditure,1143319294
2010, Rajasthan,Non-Plan Expenditure,695088000
2010, Uttar Pradesh,Non-Plan Expenditure,8454401000
2010, Bihar,Non-Plan Expenditure,1193674332
2010, Sikkim,Non-Plan Expenditure,43425499
2010, Arunachal Pradesh,Non-Plan Expenditure,39088000
2010, Nagaland,Non-Plan Expenditure,179992000
2010, Manipur,Non-Plan Expenditure,89535652
2010, Mizoram,Non-Plan Expenditure,96430114
2010, Tripura,Non-Plan Expenditure,122820703
2010, Meghalaya,Non-Plan Expenditure,10606470
2010, Assam,Non-Plan Expenditure,383364887
2010, West Bengal,Non-Plan Expenditure,1471119300
2010, Jharkhand,Non-Plan Expenditure,436093991
2010, Odisha,Non-Plan Expenditure,385539000
2010, Chhattisgarh,Non-Plan Expenditure,454451540
2010, Madhya Pradesh,Non-Plan Expenditure,1324890000
2010, Gujarat,Non-Plan Expenditure,497858564
2010,Daman & Diu,Non-Plan Expenditure,3885000
2010,Dadra & Nagar Haveli,Non-Plan Expenditure,950000
2010, Maharashtra,Non-Plan Expenditure,1260528000
2010, Andhra Pradesh,Non-Plan Expenditure,1224376000
2010, Karnataka,Non-Plan Expenditure,671937978
2010, Goa,Non-Plan Expenditure,63617000
2010,Lakshadweep,Non-Plan Expenditure,142000
2010, Kerala,Non-Plan Expenditure,512293497
2010, Tamil Nadu,Non-Plan Expenditure,1277766000
2010,Puducherry,Non-Plan Expenditure,20917000
2010,Andaman & Nicobar Islands,Non-Plan Expenditure,23209794
2009, Jammu & Kashmir,Plan Expenditure,2483000
2009, Himachal Pradesh,Plan Expenditure,19929220
2009, Punjab,Plan Expenditure,0
2009,Chandigarh,Plan Expenditure,5900000
2009, Uttarakhand,Plan Expenditure,0
2009, Haryana,Plan Expenditure,412065000
2009,Delhi,Plan Expenditure,30317152
2009, Rajasthan,Plan Expenditure,0
2009, Uttar Pradesh,Plan Expenditure,0
2009, Bihar,Plan Expenditure,0
2009, Sikkim,Plan Expenditure,22749000
2009, Arunachal Pradesh,Plan Expenditure,686461
2009, Nagaland,Plan Expenditure,25900000
2009, Manipur,Plan Expenditure,9497000
2009, Mizoram,Plan Expenditure,20494850
2009, Tripura,Plan Expenditure,75000000
2009, Meghalaya,Plan Expenditure,687794
2009, Assam,Plan Expenditure,17921000
2009, West Bengal,Plan Expenditure,127226129
2009, Jharkhand,Plan Expenditure,161370811
2009, Odisha,Plan Expenditure,100150000
2009, Chhattisgarh,Plan Expenditure,0
2009, Madhya Pradesh,Plan Expenditure,20534000
2009, Gujarat,Plan Expenditure,403375698
2009,Daman & Diu,Plan Expenditure,0
2009,Dadra & Nagar Haveli,Plan Expenditure,0
2009, Maharashtra,Plan Expenditure,11279043
2009, Andhra Pradesh,Plan Expenditure,0
2009, Karnataka,Plan Expenditure,0
2009, Goa,Plan Expenditure,37412000
2009,Lakshadweep,Plan Expenditure,0
2009, Kerala,Plan Expenditure,48131145
2009, Tamil Nadu,Plan Expenditure,2000
2009,Puducherry,Plan Expenditure,29184354
2009,Andaman & Nicobar Islands,Plan Expenditure,25519089
2010, Jammu & Kashmir,Plan Expenditure,30654400
2010, Himachal Pradesh,Plan Expenditure,30000000
2010, Punjab,Plan Expenditure,0
2010,Chandigarh,Plan Expenditure,6500000
2010, Uttarakhand,Plan Expenditure,0
2010, Haryana,Plan Expenditure,357175000
2010,Delhi,Plan Expenditure,44473495
2010, Rajasthan,Plan Expenditure,20340000
2010, Uttar Pradesh,Plan Expenditure,0
2010, Bihar,Plan Expenditure,0
2010, Sikkim,Plan Expenditure,0
2010, Arunachal Pradesh,Plan Expenditure,1990744
2010, Nagaland,Plan Expenditure,15900000
2010, Manipur,Plan Expenditure,27000000
2010, Mizoram,Plan Expenditure,26670627
2010, Tripura,Plan Expenditure,153684913
2010, Meghalaya,Plan Expenditure,598930
2010, Assam,Plan Expenditure,3000000
2010, West Bengal,Plan Expenditure,157166701
2010, Jharkhand,Plan Expenditure,184282195
2010, Odisha,Plan Expenditure,70150000
2010, Chhattisgarh,Plan Expenditure,0
2010, Madhya Pradesh,Plan Expenditure,61614000
2010, Gujarat,Plan Expenditure,597593000
2010,Daman & Diu,Plan Expenditure,0
2010,Dadra & Nagar Haveli,Plan Expenditure,0
2010, Maharashtra,Plan Expenditure,6207000
2010, Andhra Pradesh,Plan Expenditure,0
2010, Karnataka,Plan Expenditure,199652167
2010, Goa,Plan Expenditure,101060000
2010,Lakshadweep,Plan Expenditure,0
2010, Kerala,Plan Expenditure,54629936
2010, Tamil Nadu,Plan Expenditure,32342000
2010,Puducherry,Plan Expenditure,10857000
2010,Andaman & Nicobar Islands,Plan Expenditure,33816562
2009, Jammu & Kashmir,"Expenditure due to funds from other agencies (Central Govt, World Bank, etc.)",0
2009, Himachal Pradesh,"Expenditure due to funds from other agencies (Central Govt, World Bank, etc.)",0
2009, Punjab,"Expenditure due to funds from other agencies (Central Govt, World Bank, etc.)",0
2009,Chandigarh,"Expenditure due to funds from other agencies (Central Govt, World Bank, etc.)",0
2009, Uttarakhand,"Expenditure due to funds from other agencies (Central Govt, World Bank, etc.)",0
2009, Haryana,"Expenditure due to funds from other agencies (Central Govt, World Bank, etc.)",0
2009,Delhi,"Expenditure due to funds from other agencies (Central Govt, World Bank, etc.)",0
2009, Uttarakhand,Total Expenditure,94550752
2009, Haryana,Total Expenditure,1129470000
2009,Delhi,Total Expenditure,1140492067
2009, Rajasthan,Total Expenditure,582615000
2009, Uttar Pradesh,Total Expenditure,4762245000
2009, Bihar,Total Expenditure,1096753808
2009, Sikkim,Total Expenditure,65790106
2009, Arunachal Pradesh,Total Expenditure,34998894
2009, Nagaland,Total Expenditure,160911000
2009, Manipur,Total Expenditure,74621671
2009, Mizoram,Total Expenditure,95588646
2009, Tripura,Total Expenditure,207614552
2009, Meghalaya,Total Expenditure,9041227
2009, Rajasthan,"Expenditure due to funds from other agencies (Central Govt, World Bank, etc.)",0
2009, Uttar Pradesh,"Expenditure due to funds from other agencies (Central Govt, World Bank, etc.)",0
2009, Bihar,"Expenditure due to funds from other agencies (Central Govt, World Bank, etc.)",0
2009, Sikkim,"Expenditure due to funds from other agencies (Central Govt, World Bank, etc.)",0
2009, Arunachal Pradesh,"Expenditure due to funds from other agencies (Central Govt, World Bank, etc.)",0
2009, Nagaland,"Expenditure due to funds from other agencies (Central Govt, World Bank, etc.)",0
2009, Manipur,"Expenditure due to funds from other agencies (Central Govt, World Bank, etc.)",0
2009, Mizoram,"Expenditure due to funds from other agencies (Central Govt, World Bank, etc.)",0
2009, Tripura,"Expenditure due to funds from other agencies (Central Govt, World Bank, etc.)",0
2009, Meghalaya,"Expenditure due to funds from other agencies (Central Govt, World Bank, etc.)",0
2009, Assam,"Expenditure due to funds from other agencies (Central Govt, World Bank, etc.)",0
2009, West Bengal,"Expenditure due to funds from other agencies (Central Govt, World Bank, etc.)",16425172
2009, Jharkhand,"Expenditure due to funds from other agencies (Central Govt, World Bank, etc.)",0
2009, Odisha,"Expenditure due to funds from other agencies (Central Govt, World Bank, etc.)",0
2009, Chhattisgarh,"Expenditure due to funds from other agencies (Central Govt, World Bank, etc.)",0
2009, Madhya Pradesh,"Expenditure due to funds from other agencies (Central Govt, World Bank, etc.)",0
2009, Gujarat,"Expenditure due to funds from other agencies (Central Govt, World Bank, etc.)",0
2009,Daman & Diu,"Expenditure due to funds from other agencies (Central Govt, World Bank, etc.)",0
2009,Dadra & Nagar Haveli,"Expenditure due to funds from other agencies (Central Govt, World Bank, etc.)",0
2009, Maharashtra,"Expenditure due to funds from other agencies (Central Govt, World Bank, etc.)",0
2009, Andhra Pradesh,"Expenditure due to funds from other agencies (Central Govt, World Bank, etc.)",20000000
2009, Karnataka,"Expenditure due to funds from other agencies (Central Govt, World Bank, etc.)",0
2009, Goa,"Expenditure due to funds from other agencies (Central Govt, World Bank, etc.)",0
2009,Lakshadweep,"Expenditure due to funds from other agencies (Central Govt, World Bank, etc.)",0
2009, Kerala,"Expenditure due to funds from other agencies (Central Govt, World Bank, etc.)",118396113
2009, Tamil Nadu,"Expenditure due to funds from other agencies (Central Govt, World Bank, etc.)",1101407000
2009,Puducherry,"Expenditure due to funds from other agencies (Central Govt, World Bank, etc.)",0
2009,Andaman & Nicobar Islands,"Expenditure due to funds from other agencies (Central Govt, World Bank, etc.)",0
2010, Jammu & Kashmir,"Expenditure due to funds from other agencies (Central Govt, World Bank, etc.)",0
2010, Himachal Pradesh,"Expenditure due to funds from other agencies (Central Govt, World Bank, etc.)",0
2010, Punjab,"Expenditure due to funds from other agencies (Central Govt, World Bank, etc.)",0
2010,Chandigarh,"Expenditure due to funds from other agencies (Central Govt, World Bank, etc.)",0
2010, Uttarakhand,"Expenditure due to funds from other agencies (Central Govt, World Bank, etc.)",0
2010, Haryana,"Expenditure due to funds from other agencies (Central Govt, World Bank, etc.)",0
2010,Delhi,"Expenditure due to funds from other agencies (Central Govt, World Bank, etc.)",0
2010, Rajasthan,"Expenditure due to funds from other agencies (Central Govt, World Bank, etc.)",0
2010, Uttar Pradesh,"Expenditure due to funds from other agencies (Central Govt, World Bank, etc.)",0
2010, Bihar,"Expenditure due to funds from other agencies (Central Govt, World Bank, etc.)",0
2010, Sikkim,"Expenditure due to funds from other agencies (Central Govt, World Bank, etc.)",0
2010, Arunachal Pradesh,"Expenditure due to funds from other agencies (Central Govt, World Bank, etc.)",0
2010, Nagaland,"Expenditure due to funds from other agencies (Central Govt, World Bank, etc.)",0
2010, Manipur,"Expenditure due to funds from other agencies (Central Govt, World Bank, etc.)",0
2010, Mizoram,"Expenditure due to funds from other agencies (Central Govt, World Bank, etc.)",0
2010, Tripura,"Expenditure due to funds from other agencies (Central Govt, World Bank, etc.)",0
2010, Meghalaya,"Expenditure due to funds from other agencies (Central Govt, World Bank, etc.)",0
2010, Assam,"Expenditure due to funds from other agencies (Central Govt, World Bank, etc.)",0
2010, West Bengal,"Expenditure due to funds from other agencies (Central Govt, World Bank, etc.)",0
2010, Jharkhand,"Expenditure due to funds from other agencies (Central Govt, World Bank, etc.)",10632405
2010, Odisha,"Expenditure due to funds from other agencies (Central Govt, World Bank, etc.)",0
2010, Chhattisgarh,"Expenditure due to funds from other agencies (Central Govt, World Bank, etc.)",0
2010, Madhya Pradesh,"Expenditure due to funds from other agencies (Central Govt, World Bank, etc.)",0
2010, Gujarat,"Expenditure due to funds from other agencies (Central Govt, World Bank, etc.)",0
2010,Daman & Diu,"Expenditure due to funds from other agencies (Central Govt, World Bank, etc.)",0
2010,Dadra & Nagar Haveli,"Expenditure due to funds from other agencies (Central Govt, World Bank, etc.)",0
2010, Maharashtra,"Expenditure due to funds from other agencies (Central Govt, World Bank, etc.)",0
2010, Andhra Pradesh,"Expenditure due to funds from other agencies (Central Govt, World Bank, etc.)",0
2010, Karnataka,"Expenditure due to funds from other agencies (Central Govt, World Bank, etc.)",0
2010, Goa,"Expenditure due to funds from other agencies (Central Govt, World Bank, etc.)",0
2010,Lakshadweep,"Expenditure due to funds from other agencies (Central Govt, World Bank, etc.)",0
2010, Kerala,"Expenditure due to funds from other agencies (Central Govt, World Bank, etc.)",0
2010, Tamil Nadu,"Expenditure due to funds from other agencies (Central Govt, World Bank, etc.)",0
2010,Puducherry,"Expenditure due to funds from other agencies (Central Govt, World Bank, etc.)",0
2010,Andaman & Nicobar Islands,"Expenditure due to funds from other agencies (Central Govt, World Bank, etc.)",0
2009, Jammu & Kashmir,Total Expenditure,348078500
2009, Himachal Pradesh,Total Expenditure,144429638
2009, Punjab,Total Expenditure,1027899000
2009,Chandigarh,Total Expenditure,61200000
2009, Assam,Total Expenditure,414322000
2009, West Bengal,Total Expenditure,1466292686
2009, Jharkhand,Total Expenditure,426798280
2009, Odisha,Total Expenditure,786665000
2009, Chhattisgarh,Total Expenditure,510141997
2009, Madhya Pradesh,Total Expenditure,1169592000
2009, Gujarat,Total Expenditure,844464580
2009,Daman & Diu,Total Expenditure,3705000
2009,Dadra & Nagar Haveli,Total Expenditure,948000
2009, Maharashtra,Total Expenditure,1237633000
2009, Andhra Pradesh,Total Expenditure,939920100
2009, Karnataka,Total Expenditure,517823846
2009, Goa,Total Expenditure,94947000
2009,Lakshadweep,Total Expenditure,46829
2009, Kerala,Total Expenditure,568249706
2009, Tamil Nadu,Total Expenditure,1137625000
2009,Puducherry,Total Expenditure,45082274
2009,Andaman & Nicobar Islands,Total Expenditure,44936465
2010, Jammu & Kashmir,Total Expenditure,386177800
2010, Himachal Pradesh,Total Expenditure,185465274
2010, Punjab,Total Expenditure,1069358000
2010,Chandigarh,Total Expenditure,68136809
2010, Uttarakhand,Total Expenditure,172084264
2010, Haryana,Total Expenditure,1196462000
2010,Delhi,Total Expenditure,1187792789
2010, Rajasthan,Total Expenditure,715428000
2010, Uttar Pradesh,Total Expenditure,8454401000
2010, Bihar,Total Expenditure,1193674332
2010, Sikkim,Total Expenditure,43425499
2010, Arunachal Pradesh,Total Expenditure,41078744
2010, Nagaland,Total Expenditure,195892000
2010, Manipur,Total Expenditure,116535652
2010, Mizoram,Total Expenditure,123100741
2010, Tripura,Total Expenditure,276505616
2010, Meghalaya,Total Expenditure,11205400
2010, Assam,Total Expenditure,386364887
2010, West Bengal,Total Expenditure,1628286001
2010, Jharkhand,Total Expenditure,631008591
2010, Odisha,Total Expenditure,455689000
2010, Chhattisgarh,Total Expenditure,454451540
2010, Madhya Pradesh,Total Expenditure,1386504000
2010, Gujarat,Total Expenditure,1095451564
2010,Daman & Diu,Total Expenditure,3885000
2010,Dadra & Nagar Haveli,Total Expenditure,950000
2010, Maharashtra,Total Expenditure,1266735000
2010, Andhra Pradesh,Total Expenditure,1224376000
2010, Karnataka,Total Expenditure,871590145
2010, Goa,Total Expenditure,164677000
2010,Lakshadweep,Total Expenditure,142000
2010, Kerala,Total Expenditure,566923433
2010, Tamil Nadu,Total Expenditure,1310108000
2010,Puducherry,Total Expenditure,31774000
2010,Andaman & Nicobar Islands,Total Expenditure,57026356
