State/UT,YEAR,Vocation/Activity,Gross Value of Sale Proceeds / Earning (In Rs.)
ANDHRA PRADESH,2001,STEEL,3714270
ANDHRA PRADESH,2001,CARPENTRY,105414
ANDHRA PRADESH,2001,COBBLARY,89914
ANDHRA PRADESH,2001,DYING,211767
ANDHRA PRADESH,2001,DURRY,470174
ANDHRA PRADESH,2001,PHENYLE,993305
ANDHRA PRADESH,2001,SOAP,1594965
ANDHRA PRADESH,2001,SMITHY,32853
ANDHRA PRADESH,2001,TAILORING,584750
ANDHRA PRADESH,2001,WEAVING,3251992
ANDHRA PRADESH,2001,PRINTING,179392
ANDHRA PRADESH,2001,BOOK BINDING,62735
ANDHRA PRADESH,2001,COT-TAP,10416
ANDHRA PRADESH,2001,MAT WEAVING,2255
ANDHRA PRADESH,2001,TOOTH POWDER,34980
ANDHRA PRADESH,2001,CHALK PIECE,10800
ANDHRA PRADESH,2001,POLYTHENE,315315
ANDHRA PRADESH,2001,OTHERS,35775
ANDHRA PRADESH,2002,STEEL,4197529
ANDHRA PRADESH,2002,CARPENTRY,107344
ANDHRA PRADESH,2002,DURRY,476653
ANDHRA PRADESH,2002,PHENYLE,1231595
ANDHRA PRADESH,2002,SOAP,766353
ANDHRA PRADESH,2002,SMITHY,36617
ANDHRA PRADESH,2002,TAILORING,889799
ANDHRA PRADESH,2002,WEAVING,1582154
ANDHRA PRADESH,2002,PRINTING,184347
ANDHRA PRADESH,2002,BOOK BINDING,16042
ANDHRA PRADESH,2002,COT-TAP,9858
ANDHRA PRADESH,2002,MAT WEAVING,2964
ANDHRA PRADESH,2002,TOOTH POWDER,30080
ANDHRA PRADESH,2002,CHALK PIECE,14680
ANDHRA PRADESH,2002,POLYTHENE,225400
ANDHRA PRADESH,2002,MISCELLANEOUS,39995
ANDHRA PRADESH,2002,AGRICULTURE,973075
ANDHRA PRADESH,2002,DAIRY & POULTRY PRODUCTS,1552487
ANDHRA PRADESH,2003,STEEL,10467371
ANDHRA PRADESH,2003,CARPENTRY,62031
ANDHRA PRADESH,2003,DYEING,248545
ANDHRA PRADESH,2003,DURRY,814790
ANDHRA PRADESH,2003,PHENYLE,1232587
ANDHRA PRADESH,2003,SOAP,334789
ANDHRA PRADESH,2003,SMITHY,92334
ANDHRA PRADESH,2003,TAILORING,1299176
ANDHRA PRADESH,2003,WEAVING,4374572
ANDHRA PRADESH,2003,PRINTING,479359
ANDHRA PRADESH,2003,BOOK BINDING,35702
ANDHRA PRADESH,2003,COTTON TAPE,6783
ANDHRA PRADESH,2003,TOOTH POWDER,43376
ANDHRA PRADESH,2003,CHALK PIECE,3038
ANDHRA PRADESH,2003,JUTE,4752
ANDHRA PRADESH,2003,ALLUMINIUM,6220
ANDHRA PRADESH,2003,POLYTHENE BAGS,464867
ANDHRA PRADESH,2003,MISCELLANEOUS,102388
ANDHRA PRADESH,2003,DAIRY,1113261
ANDHRA PRADESH,2003,POULTRY,726275
ANDHRA PRADESH,2003,SHEEP,14396
ANDHRA PRADESH,2003,AGRICULTURE,831344
ANDHRA PRADESH,2004,STEEL,11210087
ANDHRA PRADESH,2004,DYEING,933287
ANDHRA PRADESH,2004,DURRY,1068480
ANDHRA PRADESH,2004,PHENYLE,896682
ANDHRA PRADESH,2004,SOAP,500617
ANDHRA PRADESH,2004,SMITHY,45895
ANDHRA PRADESH,2004,TAILORING,777691
ANDHRA PRADESH,2004,WEAVING,2335620
ANDHRA PRADESH,2004,PRINTING PRESS,231871
ANDHRA PRADESH,2004,BOOK BINDING,35068
ANDHRA PRADESH,2004,TOOTH POWDER,54060
ANDHRA PRADESH,2004,POLYTHENE,306329
ANDHRA PRADESH,2004,DHOBI,3240
ANDHRA PRADESH,2004,DTP,29976
ANDHRA PRADESH,2004,CANDLES MANUFACTURING,212595
ANDHRA PRADESH,2004,COVERS,28745
ANDHRA PRADESH,2004,AGRICULTURAL,900262
ANDHRA PRADESH,2004,DAIRY & POULTRY,1833555
ANDHRA PRADESH,2004,"MISC.,",40072
ANDHRA PRADESH,2005,STEEL,12048029
ANDHRA PRADESH,2005,CARPENTRY,153655
ANDHRA PRADESH,2005,DYEING,708675
ANDHRA PRADESH,2005,DURRY,1327369
ANDHRA PRADESH,2005,PHENYLE,899558
ANDHRA PRADESH,2005,SOAP,1635636
ANDHRA PRADESH,2005,SMITHY,11570
ANDHRA PRADESH,2005,TAILORING,746818
ANDHRA PRADESH,2005,WEAVING,3245917
ANDHRA PRADESH,2005,PRINTING PRESS,203450
ANDHRA PRADESH,2005,BOOK BINDING,21265
ANDHRA PRADESH,2005,COT-TAP,186
ANDHRA PRADESH,2005,TOOTH POWDER,85500
ANDHRA PRADESH,2005,CHALK,1888
ANDHRA PRADESH,2005,ALLUMINIUM,4070
ANDHRA PRADESH,2005,POLYTHENE,1066338
ANDHRA PRADESH,2005,DHOBI,1888
ANDHRA PRADESH,2005,DTP,18197
ANDHRA PRADESH,2005,COVERS,18475
ANDHRA PRADESH,2005,"MISC.,",97625
ANDHRA PRADESH,2005,"DAIRY, POULTRY & SHEEP",2735795
ANDHRA PRADESH,2005,AGRICULTURE,3620738
ANDHRA PRADESH,2006,AGRICULTURAL,4362083
ANDHRA PRADESH,2006,ALLUMINIUM,29379
ANDHRA PRADESH,2006,BLACK SMITH,40420
ANDHRA PRADESH,2006,BOOK BINDING,25644
ANDHRA PRADESH,2006,CARPENTARY,26595
ANDHRA PRADESH,2006,CHALK PIECE,3588
ANDHRA PRADESH,2006,COVERS,28292
ANDHRA PRADESH,2006,D.T.P,19705
ANDHRA PRADESH,2006,DURRY,1121672
ANDHRA PRADESH,2006,DYEING,835992
ANDHRA PRADESH,2006,MISCELLANEOUS,133553
ANDHRA PRADESH,2006,PHENYLE,1229634
ANDHRA PRADESH,2006,POLYTHENE,127968
ANDHRA PRADESH,2006,PRINTING PRESS,261056
ANDHRA PRADESH,2006,SOAP,2207299
ANDHRA PRADESH,2006,STEEL,12295110
ANDHRA PRADESH,2006,TAILORING,996264
ANDHRA PRADESH,2006,TOOTH POWDER,131245
ANDHRA PRADESH,2006,WEAVING,3891961
ANDHRA PRADESH,2007,AGRICULTURE,1577720
ANDHRA PRADESH,2007,BOOK BINDING,23037
ANDHRA PRADESH,2007,CARPENTRY,1390
ANDHRA PRADESH,2007,CHALK INDUSTRY,4935
ANDHRA PRADESH,2007,COVERS,14700
ANDHRA PRADESH,2007,DTP,12950
ANDHRA PRADESH,2007,DHOBI,270
ANDHRA PRADESH,2007,DURRY,892246
ANDHRA PRADESH,2007,DYEING,282557
ANDHRA PRADESH,2007,OTHERS,410843
ANDHRA PRADESH,2007,PHENYLE,1548751
ANDHRA PRADESH,2007,PRINTING,222719
ANDHRA PRADESH,2007,BLACK SMITH,121452
ANDHRA PRADESH,2007,SOAP,2648986
ANDHRA PRADESH,2007,STEEL INDUSTRY,10845699
ANDHRA PRADESH,2007,TAILORING,1133152
ANDHRA PRADESH,2007,TOOTH POWDER,108363
ANDHRA PRADESH,2007,WEAVING,4161497
ANDHRA PRADESH,2008,AGRICULTURAL,3602157
ANDHRA PRADESH,2008,BOOK BINDING,19364
ANDHRA PRADESH,2008,CARPENTARY,5560
ANDHRA PRADESH,2008,CHALK INDUSTRY,9514
ANDHRA PRADESH,2008,COVERS,26775
ANDHRA PRADESH,2008,DHOBI SECTION,486
ANDHRA PRADESH,2008,DARI MAKING,1112671
ANDHRA PRADESH,2008,DYEING,729362
ANDHRA PRADESH,2008,MISCELLANEOUS,223117
ANDHRA PRADESH,2008,PHENYLE,1716610
ANDHRA PRADESH,2008,PILLOWS,113298
ANDHRA PRADESH,2008,POLYTHENE,2226
ANDHRA PRADESH,2008,PRINTING PRESS,659796
ANDHRA PRADESH,2008,STEEL,14225599
ANDHRA PRADESH,2008,SOAP,2922109
ANDHRA PRADESH,2008,TAILORING,1149972
ANDHRA PRADESH,2008,TOOTH POWDER,90845
ANDHRA PRADESH,2008,WEAVING,2771851
ANDHRA PRADESH,2009,AGRICULTURAL,7563179
ANDHRA PRADESH,2009,STEEL,14856102
ANDHRA PRADESH,2009,DYEING,57126
ANDHRA PRADESH,2009,DURRY,1046558
ANDHRA PRADESH,2009,PHENYLE,1873957
ANDHRA PRADESH,2009,SOAP,3172046
ANDHRA PRADESH,2009,SMITH,1830
ANDHRA PRADESH,2009,TAILORING,1166182
ANDHRA PRADESH,2009,WEAVING,3821953
ANDHRA PRADESH,2009,PRINTING PRESS,363651
ANDHRA PRADESH,2009,BOOK BINDING,20228
ANDHRA PRADESH,2009,MAT WEAVING,1613
ANDHRA PRADESH,2009,TOOTH POWDER,102750
ANDHRA PRADESH,2009,CHALK PIECE,7780
ANDHRA PRADESH,2009,COVERS,41100
ANDHRA PRADESH,2009,PILLOWS,238713
ANDHRA PRADESH,2009,MISCELLANEOUS,68170
ANDHRA PRADESH,2010,AGRICULTURE,33854367
ANDHRA PRADESH,2010,STEEL,14656933
ANDHRA PRADESH,2010,DYEING,1614046
ANDHRA PRADESH,2010,DURRY,1322382
ANDHRA PRADESH,2010,PHENYLE,1654344
ANDHRA PRADESH,2010,SOAP,3271332
ANDHRA PRADESH,2010,SMITH,0
ANDHRA PRADESH,2010,TAILORING,1804773
ANDHRA PRADESH,2010,WEAVING,4274701
ANDHRA PRADESH,2010,PRINTING PRESS,500345
ANDHRA PRADESH,2010,BOOK BINDING,40100
ANDHRA PRADESH,2010,MAT WEAVING,0
ANDHRA PRADESH,2010,TOOTH POWDER,114605
ANDHRA PRADESH,2010,CHALK PIECE,0
ANDHRA PRADESH,2010,COVERS,51600
ANDHRA PRADESH,2010,PILLOWS,70470
ANDHRA PRADESH,2010,MISCELLANEOUS,12250
ANDHRA PRADESH,2011,BAKERY PRODUCTS,521253
ANDHRA PRADESH,2011,BOOK BINDING WORKS,36642
ANDHRA PRADESH,2011,CANDLES MANUFACTURING,34502
ANDHRA PRADESH,2011,CARPENTARY WORKS,33275
ANDHRA PRADESH,2011,CHALK PIECE,6740
ANDHRA PRADESH,2011,CLOTHING,2350
ANDHRA PRADESH,2011,PAPER COVER MAKING,98353
ANDHRA PRADESH,2011,DURRIES,2073969
ANDHRA PRADESH,2011,DYING,2523716
ANDHRA PRADESH,2011,MILK,889977
ANDHRA PRADESH,2011,NURSERY & VERMICOMPOST,1280
ANDHRA PRADESH,2011,PHENYLE,1750833
ANDHRA PRADESH,2011,PILLOWS,376173
ANDHRA PRADESH,2011,POULTRY BIRDS,990935
ANDHRA PRADESH,2011,PRINTING,621952
ANDHRA PRADESH,2011,SHEEP,110602
ANDHRA PRADESH,2011,SOAP,3392391
ANDHRA PRADESH,2011,STEEL FURNITURE,22683280
ANDHRA PRADESH,2011,TAILORING,1536419
ANDHRA PRADESH,2011,TOOTH POWDER,153345
ANDHRA PRADESH,2011,VEGETABLE,1650902
ANDHRA PRADESH,2011,WEAVING,5379939
ANDHRA PRADESH,2011,WOOLEN BLANKETS,248896
ANDHRA PRADESH,2011,AGRICULTURE,9203771
ANDHRA PRADESH,2012,DURRY UNIT,3181103
ANDHRA PRADESH,2012,DYING UNIT,3121910
ANDHRA PRADESH,2012,TAILORING UNIT,1874289
ANDHRA PRADESH,2012,SOAP UNIT,4500270
ANDHRA PRADESH,2012,WEAVING UNIT,8789440
ANDHRA PRADESH,2012,STEEL UNIT,27552616
ANDHRA PRADESH,2012,PRINTING PRESS,602825
ANDHRA PRADESH,2012,PHENYLE UNIT,861668
ANDHRA PRADESH,2012,AGRICULTURAL PRODUCTS,5210634
ANDHRA PRADESH,2012,BOOK BINDING,55835
ANDHRA PRADESH,2012,BAKERY UNIT,1491544
ANDHRA PRADESH,2012,ELECTRICAL HOUSE/MOTOR WIRING,7668
ANDHRA PRADESH,2012,PILLOWS,167725
ANDHRA PRADESH,2012,CHALK PIECE,4990
ANDHRA PRADESH,2012,CANDLES MANUFACTURING,55790
ANDHRA PRADESH,2012,WOOLEN UNIT,49157
ANDHRA PRADESH,2012,MISCELLANEOUS,173956
ARUNACHAL PRADESH,2009,NIL,0
ARUNACHAL PRADESH,2010,NIL,0
ARUNACHAL PRADESH,2012,NIL,0
ASSAM,2001,INDUSTRIAL,1116933
ASSAM,2001,AGRICULTURAL,336636
ASSAM,2002,INDUSTRIAL,641748
ASSAM,2002,AGRICULTURE,402991
ASSAM,2003,INDUSTRIAL,154824
ASSAM,2003,AGRICULTURE,552063
ASSAM,2004,INDUSTRIAL,280894
ASSAM,2004,AGRICULTURAL,300265
ASSAM,2005,INDUSTRIAL,105180
ASSAM,2005,AGRICULTURE,367675
ASSAM,2006,INDUSTRIAL,85869
ASSAM,2006,AGRICULTURAL,514697
ASSAM,2007,INDUSTRIAL,252993
ASSAM,2007,AGRICULTURE,373650
ASSAM,2008,INDUSTRIAL,375704
ASSAM,2008,AGRICULTURAL,439238
ASSAM,2009,INDUSTRIAL ACTIVITY,351256
ASSAM,2009,AGRICULTURAL ACTIVITY,480861
ASSAM,2010,INDUSTRIAL ACTIVITY,245209
ASSAM,2010,AGRICULTURAL ACTIVITY,361246
ASSAM,2011,INDUSTRIAL ACTIVITY,252312
ASSAM,2011,AGRICULTURE ACTIVITY,332946
ASSAM,2012,INDUSTRIAL ACTIVITY,429289
ASSAM,2012,AGRICULTURE ACTIVITY,201714
BIHAR,2001,TOTAL,49710663
BIHAR,2002,INDUSTRIAL,48340856
BIHAR,2002,AGRICULTURE,2011786
BIHAR,2003,AGRICULTURE,1670280
BIHAR,2003,INDUSTRIAL,63618220
BIHAR,2004,INDUSTRIAL,50442234
BIHAR,2004,AGRICULTURE,276592
BIHAR,2005,INDUSTRIAL,67540000
BIHAR,2005,AGRICULTURE,268956
BIHAR,2006,INDUSTRIAL,72153000
BIHAR,2006,AGRICULTURE,573278
BIHAR,2007,INDUSTRIAL,93494978
BIHAR,2007,AGRICULTURE,173680
BIHAR,2008,INDUSTRIAL,108588126
BIHAR,2008,AGRICULTURAL,152350
BIHAR,2009,INDUSTRIAL TRAINING,107530276
BIHAR,2009,AGRICULTURE,143997
BIHAR,2010,INDUSTRIAL TRAINING,112018698
BIHAR,2010,AGRICULTURE,170250
BIHAR,2011,AGRICULTURE,441631
BIHAR,2011,BANDHAGOVI-250KG,3750
BIHAR,2011,BLANKET SECTION,3089150
BIHAR,2011,BREAD,566949
BIHAR,2011,CAUSTIC SOAP,1561803
BIHAR,2011,CLOTHS,2732731
BIHAR,2011,CONUTOR & TAILOAG TRAINING,20000
BIHAR,2011,FLOAR SECTION,102147
BIHAR,2011,INDUSTRIAL PRODUCT,163236198
BIHAR,2011,IRON SECTION,525351
BIHAR,2011,JAIL INDUSTRIES,3021004
BIHAR,2011,MULI-275 KG,4125
BIHAR,2011,PALAK-584 KG,8760
BIHAR,2011,PHENYLE SECTION,2671635
BIHAR,2011,PHULKANI-50KG,750
BIHAR,2011,SALJAM-450KG,6750
BIHAR,2011,SOAP SECTION,973333
BIHAR,2011,TAILORING SECTION,2395521
BIHAR,2011,THREAD READY,10000
BIHAR,2011,VEGETABLES,23020
BIHAR,2011,WOODEN ARTICLE,742179
BIHAR,2012,JAIL INDUSTRIES,170411266
BIHAR,2012,AGRICULTURE,449177
CHHATTISGARH,2012,TAILORING,383832
CHHATTISGARH,2012,CARPENTRY,6539796
CHHATTISGARH,2012,SCREEN PRINTING,4685184
CHHATTISGARH,2012,EMBROIDERY,20787
CHHATTISGARH,2012,BAMBOO CRAFT,47524
CHHATTISGARH,2012,TATPATTI,55760
CHHATTISGARH,2012,IRON WORK/BLACKSMITH,2523658
CHHATTISGARH,2012,STEEL WORK,56741
CHHATTISGARH,2012,WEAVING WORK,239683
CHHATTISGARH,2012,WOODEN CARVING,5039215
CHHATTISGARH,2012,SPICES,229893
CHHATTISGARH,2012,KEKTI WORK,46182
CHHATTISGARH,2012,CHALK,2345
CHHATTISGARH,2012,OFFSET PRINTING,1766242
CHHATTISGARH,2012,MASALA,575849
CHHATTISGARH,2012,NYLON DARI,16781
CHHATTISGARH,2012,WAX CANDLE,1996
CHHATTISGARH,2012,WASHING POWDER,4714142
CHHATTISGARH,2001,INDUSTRIAL,3120192
CHHATTISGARH,2002,WEAVING,269569
CHHATTISGARH,2002,PRINTING,298431
CHHATTISGARH,2002,WOOD WORK,654055
CHHATTISGARH,2002,METAL INDUSTRY,366841
CHHATTISGARH,2002,TAILORING,103573
CHHATTISGARH,2002,SOAP INDUSTRY,719795
CHHATTISGARH,2002,JUTE INDUSTRY,250283
CHHATTISGARH,2002,SPICES INDDUSTRIES,198359
CHHATTISGARH,2002,CARPENTRY,794274
CHHATTISGARH,2002,LAUNDRY,2814
CHHATTISGARH,2002,CHALK INDUSTRY,128
CHHATTISGARH,2002,PHENYLE,89626
CHHATTISGARH,2002,SCREEN INDUSTRY,26216
CHHATTISGARH,2002,ALUMINIUM INDUSTRY,55002
CHHATTISGARH,2002,VEGETABLE PRODUCTION,22733
CHHATTISGARH,2002,JUTE PRODUCT,22200
CHHATTISGARH,2003,METAL INDUSTRY,256487
CHHATTISGARH,2003,WOOD CRAFT INDUSTRY,1244855
CHHATTISGARH,2003,BAMBOO,39118
CHHATTISGARH,2003,BAL METAL,30361
CHHATTISGARH,2003,KNITTING,331343
CHHATTISGARH,2003,PRINTING,466866
CHHATTISGARH,2003,CHALK INDUSTRY,400
CHHATTISGARH,2003,TAILORING,268211
CHHATTISGARH,2003,TERRACOATA,4928
CHHATTISGARH,2003,SPICES INDDUSTRIES,378074
CHHATTISGARH,2003,TATPATTI,7830
CHHATTISGARH,2003,KOSA,5361
CHHATTISGARH,2003,CRAFT INDUSTRY,117884
CHHATTISGARH,2003,BAND,42546
CHHATTISGARH,2003,SOAP,1572500
CHHATTISGARH,2003,JUTE,61286
CHHATTISGARH,2003,PHYNELE,127467
CHHATTISGARH,2003,ALLUMINIUM,97713
CHHATTISGARH,2003,VEGETABLE,14818
CHHATTISGARH,2003,DINNER SET,142000
CHHATTISGARH,2004,METAL INDUSTRY,904661
CHHATTISGARH,2004,WOOD CRAFT,3150333.88
CHHATTISGARH,2004,BAMBOO INDUSTRY,3233
CHHATTISGARH,2004,BAL METAL,6321
CHHATTISGARH,2004,KNITTING,477313
CHHATTISGARH,2004,PRINTING,814549.03
CHHATTISGARH,2004,CHALK,106320
CHHATTISGARH,2004,SEWING,712631.43
CHHATTISGARH,2004,TERRACOATA,21840
CHHATTISGARH,2004,SPICE,348374.72
CHHATTISGARH,2004,CARPENTRY,139882
CHHATTISGARH,2004,REPAIR,7230
CHHATTISGARH,2004,MARWARI ART,41141
CHHATTISGARH,2004,TALPATTI,37800
CHHATTISGARH,2004,KOSA,8400
CHHATTISGARH,2004,EMBROIDERY,7885.7
CHHATTISGARH,2004,BAND,59000
CHHATTISGARH,2004,SOAP,1230511
CHHATTISGARH,2004,JAT,22068
CHHATTISGARH,2004,PHENYLE,114482
CHHATTISGARH,2004,ALLUMINIUM,47224
CHHATTISGARH,2004,VEGETABLE,1887
CHHATTISGARH,2004,AGRICULTURE,1014
CHHATTISGARH,2004,SEETAL,4729
CHHATTISGARH,2004,KEKATI,272052
CHHATTISGARH,2004,LAUNDRY,9177.5
CHHATTISGARH,2005,METAL WORKS,1124111
CHHATTISGARH,2005,WOOD CRAFT,4221036
CHHATTISGARH,2005,BAMBOO,25000
CHHATTISGARH,2005,BAIL METAL,11522
CHHATTISGARH,2005,KNITTING,817496
CHHATTISGARH,2005,PRINTING,1525989
CHHATTISGARH,2005,CHALK,67546
CHHATTISGARH,2005,SWEING,499938
CHHATTISGARH,2005,TERRACOATA,23479
CHHATTISGARH,2005,SPICES,311067
CHHATTISGARH,2005,MARHSAHI,2903
CHHATTISGARH,2005,TATPATTI,100170
CHHATTISGARH,2005,KOSA INDUSTRY,31403
CHHATTISGARH,2005,QULITTING,1200
CHHATTISGARH,2005,BAND,38000
CHHATTISGARH,2005,SOAP/WASHING,1572637
CHHATTISGARH,2005,JUTE INDUSTRY,5080
CHHATTISGARH,2005,PHENYLE,124572
CHHATTISGARH,2005,ALLUMINIUM,29253
CHHATTISGARH,2005,VEGETABLE,1100
CHHATTISGARH,2005,KEKATI,306736
CHHATTISGARH,2005,CARPENTRY,30000
CHHATTISGARH,2005,SHEESHAL,10082
CHHATTISGARH,2006,INDUSTRIAL,12701983
CHHATTISGARH,2007,BLACK SMITH,2907076
CHHATTISGARH,2007,WOOD WORK,4192392
CHHATTISGARH,2007,BAMBOO WORK,11597
CHHATTISGARH,2007,CANDLES MANUFACTURING,48232
CHHATTISGARH,2007,WEAVING,538671
CHHATTISGARH,2007,PRINTING,4477729
CHHATTISGARH,2007,CHALK INDUSTRY,72824
CHHATTISGARH,2007,TAILORING,1015873
CHHATTISGARH,2007,TERRACOATA,16736
CHHATTISGARH,2007,SPICE MAKING,538301
CHHATTISGARH,2007,CURTAIN INDUSTRIES,252300
CHHATTISGARH,2007,KEKTI,227131
CHHATTISGARH,2007,SOAP,1363836
CHHATTISGARH,2007,JUTE INDUSTRY,1250
CHHATTISGARH,2007,PHENYLE,148869
CHHATTISGARH,2007,CARPENTRY,142747
CHHATTISGARH,2007,EMBROIDERY INDUSTRY,53651
CHHATTISGARH,2007,NYLON THREAD SPINNING,3597
CHHATTISGARH,2007,LAUNDRY,15984
CHHATTISGARH,2008,BAND TRAINING,41700
CHHATTISGARH,2008,BANS SHILPS,29814
CHHATTISGARH,2008,BLACK SMITH,1326386
CHHATTISGARH,2008,CARPENTARY,1308115
CHHATTISGARH,2008,CHALK INDUSTRY,1400
CHHATTISGARH,2008,EMBROIDERY,24764
CHHATTISGARH,2008,JOOT,2728
CHHATTISGARH,2008,KEKATI,138933
CHHATTISGARH,2008,MASALA,585197
CHHATTISGARH,2008,NYLON DORI,8565
CHHATTISGARH,2008,OFFSET PRINTING,3643854
CHHATTISGARH,2008,PHENYLE,178226
CHHATTISGARH,2008,SCREEN PRINTING,633417
CHHATTISGARH,2008,SOAP,1281555
CHHATTISGARH,2008,STEATUE,539950
CHHATTISGARH,2008,TAILORING,5359955
CHHATTISGARH,2008,TATPATTI,42050
CHHATTISGARH,2008,TERRACOATA,1642
CHHATTISGARH,2008,WASHING POWDER,68091
CHHATTISGARH,2008,WEAVING,233309
CHHATTISGARH,2008,WOODEN,872155
CHHATTISGARH,2008,WOODEN SCREEN PRINTING & TAILORING,390720
CHHATTISGARH,2009,WOODEN ART,3544910
CHHATTISGARH,2009,TAILORING,210491
CHHATTISGARH,2009,WEAVING,106999
CHHATTISGARH,2009,MASALA,664591
CHHATTISGARH,2009,SCREEN PRINTING,2610502
CHHATTISGARH,2009,OFFSET PRINTING,2683538
CHHATTISGARH,2009,EMBROIDERY,9185
CHHATTISGARH,2009,BLACK SMITH,2399573
CHHATTISGARH,2009,WASHING POWDER,1933222
CHHATTISGARH,2009,NYLON,4235
CHHATTISGARH,2009,BAND TRAINING,34500
CHHATTISGARH,2009,CHALK MAKING,200
CHHATTISGARH,2009,JUTE ART,66167
CHHATTISGARH,2009,TATPATTI,1450
CHHATTISGARH,2009,BAMBOO ART,12879
CHHATTISGARH,2009,PHYNILE MAKING,214573
CHHATTISGARH,2010,BAMBOO ART,20314
CHHATTISGARH,2010,BLACK SMITH,2563817
CHHATTISGARH,2010,CANDLE,6901
CHHATTISGARH,2010,CARPENTRY,125145
CHHATTISGARH,2010,CHALK,91
CHHATTISGARH,2010,EMBROIDERY,13309
CHHATTISGARH,2010,MASALA,839441
CHHATTISGARH,2010,OFFSET & SCREEN PRINTING,1143946
CHHATTISGARH,2010,PHYNILE,343231
CHHATTISGARH,2010,PRINTING,2101396
CHHATTISGARH,2010,SCREEN PRINTING,241435
CHHATTISGARH,2010,SOAP,2276240
CHHATTISGARH,2010,TAILORING,18211
CHHATTISGARH,2010,TAILOURING,23005
CHHATTISGARH,2010,TERRA KOTTA,1539
CHHATTISGARH,2010,WASHING POWDER,227864
CHHATTISGARH,2010,WEAVING,70217
CHHATTISGARH,2010,WOODEN,719135
CHHATTISGARH,2010,"WOODEN, SCREEN, TAILORING",1159523
CHHATTISGARH,2010,KEKATI,142806
CHHATTISGARH,2010,TAILOURING,100122
CHHATTISGARH,2010,WOODEN,518614
CHHATTISGARH,2010,WOODEN,1805422
CHHATTISGARH,2010,WOODEN ART,193362
CHHATTISGARH,2011,WEAVING,541506
CHHATTISGARH,2011,SEWING,273361
CHHATTISGARH,2011,SOAP AND WASHING POWDER,2199362
CHHATTISGARH,2011,IRON AND ALUMINIUM,2941472
CHHATTISGARH,2011,CARPENTRY,8541408
CHHATTISGARH,2011,WOOD CARVING,93799
CHHATTISGARH,2011,KITCHEN MASALA,622488
CHHATTISGARH,2011,PRINTING,2194310
CHHATTISGARH,2011,SCREEN PRINTING,3089640
CHHATTISGARH,2011,PHENYLE,234630
CHHATTISGARH,2011,CHALK MAKING,1938
CHHATTISGARH,2011,BANS SHILPS,120930
CHHATTISGARH,2011,EMBROIDERY,20764
CHHATTISGARH,2011,NYLON DORI,2698
CHHATTISGARH,2011,CANDLE,31822
CHHATTISGARH,2011,STEEL FURNITURE,87591
GOA,2001,CARPENTRY,24386
GOA,2001,TAILORING,35849
GOA,2001,BAKERY,65000
GOA,2001,HORTICULTURE,35980
GOA,2002,AGRICULTURE,17908
GOA,2002,SALE OF GUNNY BAGS,3191
GOA,2002,TAILORING,77945
GOA,2002,CARPENTRY,66439
GOA,2002,PAPER BAGS,13095
GOA,2002,BAKERY,177470
GOA,2002,GARDENING,16334
GOA,2003,AGRO HORTICULTURE,24189
GOA,2003,CARPENTRY,39534
GOA,2003,TAILORING,41852
GOA,2003,BAKERY,191226
GOA,2003,PAPER BAGS,4625
GOA,2004,BAKERY,113400
GOA,2004,AGRO HORTICULTURE,4193
GOA,2004,TAILORING,19010
GOA,2004,PAPER BAGS,21630
GOA,2004,AGRICULTURAL PRODUCTS,42110
GOA,2005,AGRICULTURE,43846
GOA,2006,AGRICULTURAL PRODUCTS,39914
GOA,2007,AGRICULTURE,42926
GOA,2008,AGRICULTURAL,130000
GOA,2009,AGRICULTURAL PRODUCTS,84796
GOA,2010,GARDENING,20474
GOA,2011,GARDENING,21845
GOA,2011,TAILORING,15923
GOA,2012,GARDENING,15535
GOA,2012,BAKERY,190715
GOA,2012,ART AND CRAFT,33328
GOA,2012,TAILORING,44902
GUJARAT,2001,INDUSTRIAL,45884913
GUJARAT,2001,AGRICULTURE,5681146
GUJARAT,2002,AGRICULTURE,6832000
GUJARAT,2002,INDUSTRIAL,40300000
GUJARAT,2003,AGRICULTURE,7000000
GUJARAT,2003,INDUSTRIAL,46859425
GUJARAT,2004,AGRICULTURE,5836732
GUJARAT,2004,INDUSTRIAL,50394936
GUJARAT,2005,AGRICULTURE,4150795
GUJARAT,2005,INDUSTRIAL,57677741
GUJARAT,2006,AGRICULTURE,4090587
GUJARAT,2006,INDUSTRIAL,62526938
GUJARAT,2007,AGRICULTURE,4563097
GUJARAT,2007,INDUSTRIAL,47737938
GUJARAT,2008,AGRICULTURAL,4600338
GUJARAT,2008,INDUSTRIAL,61221103
GUJARAT,2009,AGRICULTURE,4520771
GUJARAT,2009,INDUSTRIAL,66270899
GUJARAT,2010,AGRICULTURE,5090730
GUJARAT,2010,INDUSTRIAL,62973594
GUJARAT,2011,INDUSTRIAL,77395475
GUJARAT,2011,AGRICUTLURE,5868669
GUJARAT,2012,INDUSTRIAL,75754946
GUJARAT,2012,AGRICULTURE,6079963
HARYANA,2001,INDUSTRIAL,7950975
HARYANA,2002,INDUSTRIAL,8029093
HARYANA,2003,AGRICULTURE,7473863
HARYANA,2004,AGRICULTURE,8278908
HARYANA,2005,AGRICULTURE,793870
HARYANA,2006,INDUSTRIAL,1841216
HARYANA,2006,FACTORY,34457
HARYANA,2006,"NIWAR KHADI, SOAP AND PHENYLE",666266
HARYANA,2006,REPAIR AND RECANNING,1287282
HARYANA,2006,FACTORY / BHIWANI,93114
HARYANA,2006,AGRICULTURE,10400
HARYANA,2007,AGRICULTURE,575530
HARYANA,2007,FACTORY,2583231
HARYANA,2008,FACTORY,3289598
HARYANA,2008,AGRICULTURAL,1105930
HARYANA,2009,FACTORY,9648721
HARYANA,2009,AGRICULTURE,950218
HARYANA,2010,FACTORY,5213652
HARYANA,2010,AGRICULTURE,1253531
HARYANA,2011,AGRICULTURE,4257878
HARYANA,2011,FACTORY,3904390
HARYANA,2012,AGRICULTURE,3363283
HARYANA,2012,INDUSTRIAL,3768545
HIMACHAL PRADESH,2001,WEAVING,165000
HIMACHAL PRADESH,2001,INDUSTRIAL/VOCATIONAL,300000
HIMACHAL PRADESH,2001,DURRY REPAIR,91000
HIMACHAL PRADESH,2002,WEAVING,1118665
HIMACHAL PRADESH,2002,TAILORING,4699
HIMACHAL PRADESH,2002,CARPENTRY,37353
HIMACHAL PRADESH,2003,WEAVING,1409798
HIMACHAL PRADESH,2003,TAILORING,662911
HIMACHAL PRADESH,2003,CARPENTRY/WEILDING,156468
HIMACHAL PRADESH,2004,WEAVING,1105367
HIMACHAL PRADESH,2004,CARPENTRY & WELDING,28284
HIMACHAL PRADESH,2004,TAILORING,3312
HIMACHAL PRADESH,2005,WEAVING,1105367
HIMACHAL PRADESH,2005,CARPENTRY & WELDING,28284
HIMACHAL PRADESH,2005,TAILORING,3312
HIMACHAL PRADESH,2006,INDUSTRIAL,1261717
HIMACHAL PRADESH,2007,INDUSTRIAL,1345318
HIMACHAL PRADESH,2008,INDUSTRIAL,1747576
HIMACHAL PRADESH,2009,WEAVING,801125
HIMACHAL PRADESH,2009,TAILORING,468106
HIMACHAL PRADESH,2009,CARPENTRY,116921
HIMACHAL PRADESH,2009,WELDING,9787
HIMACHAL PRADESH,2009,RE-CANNING,27229
HIMACHAL PRADESH,2010,CARPENTRY,61797
HIMACHAL PRADESH,2010,WELDING,2166
HIMACHAL PRADESH,2010,REXAN CUSHAN,3377
HIMACHAL PRADESH,2010,CANNING (RE-CANNING),17350
HIMACHAL PRADESH,2010,TAILORING,314511
HIMACHAL PRADESH,2010,WEAVING,710511
HIMACHAL PRADESH,2011,WEAVING SECTION,609884
HIMACHAL PRADESH,2011,TAILORING SECTION,297772
HIMACHAL PRADESH,2011,CARPENTRY SECTION,106837
HIMACHAL PRADESH,2012,WEAVING SECTION,239523
HIMACHAL PRADESH,2012,TAILORING SECTION,232506
HIMACHAL PRADESH,2012,CARPENTRY SECTION,102288
HIMACHAL PRADESH,2012,BLANKETS SHAWLS AND KHESIS,302820
JAMMU & KASHMIR,2001,HANDLOOM,161423.97
JAMMU & KASHMIR,2002,HANDLOOM,257738.37
JAMMU & KASHMIR,2003,HANDLOOM,562000
JAMMU & KASHMIR,2004,HANDLOOM,296467.25
JAMMU & KASHMIR,2004,CANDLE,273875
JAMMU & KASHMIR,2005,HANDLOOM,6127
JAMMU & KASHMIR,2005,CANDLE,370476
JAMMU & KASHMIR,2006,INDUSTRIAL,435061.05
JAMMU & KASHMIR,2007,HANDLOOM,578545
JAMMU & KASHMIR,2007,CANDLES MANUFACTURING,826524
JAMMU & KASHMIR,2008,JAIL MANUFACTURY,628641
JAMMU & KASHMIR,2008,HANDLOOM,641073
JAMMU & KASHMIR,2009,HANDLOOM,228705
JAMMU & KASHMIR,2009,CANDLES MANUFACTURING,406485
JAMMU & KASHMIR,2009,OTHERS,395032
JAMMU & KASHMIR,2010,JAIL MANUFACTURY,1006967
JAMMU & KASHMIR,2011,JAIL MANUFACTURY,619851
JAMMU & KASHMIR,2012,SALE OF EMBROIDED ITEMS,107380
JAMMU & KASHMIR,2012,SALE OF CANDLES,555473
JAMMU & KASHMIR,2012,VOCATIONAL TRAINING,3818
JAMMU & KASHMIR,2012,COTTON CLOTH,13572
JAMMU & KASHMIR,2012,DASUTHA,211610
JAMMU & KASHMIR,2012,BED SHEET,251196
JAMMU & KASHMIR,2012,TOWEL,46968
JAMMU & KASHMIR,2012,GUMSHA TOWEL,12150
JAMMU & KASHMIR,2012,TABLE CLOTH,17600
JAMMU & KASHMIR,2012,BLANKET,112047
JAMMU & KASHMIR,2012,DARI,36439
JAMMU & KASHMIR,2012,BED (CARPENTRY),196950
JHARKHAND,2001,INDUSTRIAL,4018832
JHARKHAND,2001,AGRICULTURAL,176278
JHARKHAND,2001,PHENYL PRODUCTION,576000
JHARKHAND,2001,SOAP,474000
JHARKHAND,2001,CLOTHING,7580001
JHARKHAND,2001,VEGETABLES,192470
JHARKHAND,2001,BLACK SMITH,358884
JHARKHAND,2002,INDUSTRIAL,6181861
JHARKHAND,2002,AGRICULTURE,295097
JHARKHAND,2003,AGRICULTURE,105557
JHARKHAND,2003,SOAP & PHENYLE,506717
JHARKHAND,2003,SOAP,105000
JHARKHAND,2003,SOAP PRODUCTION,239128
JHARKHAND,2003,CLOTHS,34500
JHARKHAND,2003,CLOTHING PRODUCTION,1797987
JHARKHAND,2003,COTTAGE INDUSTRIES,152336
JHARKHAND,2003,GARDENING & FISHING,220329
JHARKHAND,2003,GREEN VEGETABLE,9171
JHARKHAND,2003,HAND PAPER,153854
JHARKHAND,2003,INDUSTRIAL LOOM,133695
JHARKHAND,2003,JUTE HANDICRAFTS,6500
JHARKHAND,2003,LIFER SOAP PRODUCTION,81200
JHARKHAND,2003,PHENYL PRODUCTION,353600
JHARKHAND,2003,SCREEN PRINTING,212000
JHARKHAND,2003,"WEAVING, TAILORING",1983841
JHARKHAND,2004,AGRICULTURAL,452979
JHARKHAND,2004,VEGETABLE,9768
JHARKHAND,2004,CAUSTIC SOAP,105875
JHARKHAND,2004,CLOTHS,109950
JHARKHAND,2004,COTTAGE INDUSTRIES,46340
JHARKHAND,2004,INDUSTRIAL,2872795
JHARKHAND,2004,MANUFACTURING,1320946
JHARKHAND,2004,SOAP MAKING & PHENYLE,78307
JHARKHAND,2005,AGRICULTURE,267606
JHARKHAND,2005,CAUSTIC SOAP,102524
JHARKHAND,2005,CLOTHS,104825
JHARKHAND,2005,COTTAGE,615930
JHARKHAND,2005,INDUSTRIAL,5864994
JHARKHAND,2005,DEPARTMENTAL MANUFACTURING,5051009
JHARKHAND,2005,MANUFACTURING DEPARTMENT,672730
JHARKHAND,2005,AGRICULTURE,9000
JHARKHAND,2006,AGRICULTURAL,438518
JHARKHAND,2006,CASTIC SOAP,101613
JHARKHAND,2006,CLOTHS,105025
JHARKHAND,2006,INDUSTRIAL,9053312
JHARKHAND,2006,MANUFACTURING DEPARTMENT,3886625
JHARKHAND,2006,PRODUCED VALUE (AGRICULTURAL),37350
JHARKHAND,2006,PRODUCED VALUE (INDUSTRIAL),725985
JHARKHAND,2006,VOCATIONAL,5567
JHARKHAND,2007,AGRICULTURE,489738
JHARKHAND,2007,SOAP,98000
JHARKHAND,2007,CLOTHS,120000
JHARKHAND,2007,INDUSTRIAL,4305477
JHARKHAND,2007,MANUFACTURING DEPARTMENT,5989414
JHARKHAND,2007,VOCATIONAL ACTIVITIES,251
JHARKHAND,2008,AGRICULTURAL,646014
JHARKHAND,2008,AGRICULTURAL,30091
JHARKHAND,2008,AGRICULTURAL,79106
JHARKHAND,2008,CASTIC SOAP,102000
JHARKHAND,2008,CASTIC SOAP,312955
JHARKHAND,2008,CLOTHS,125000
JHARKHAND,2008,CLOTHS,2713664
JHARKHAND,2008,FLY LEAF MAKING,7900
JHARKHAND,2008,HANDLOOM PRODUCTION,30000
JHARKHAND,2008,INDUSTRIAL,4319657
JHARKHAND,2008,KHAPRA INDUSTRIES,15771
JHARKHAND,2008,MANUFACTURING DEPARTMENT,9876827
JHARKHAND,2008,PHENYLE,485000
JHARKHAND,2008,TASAR SILK YARN,99536
JHARKHAND,2008,WEAVING,7558
JHARKHAND,2009,AGRICULTURE,659621
JHARKHAND,2009,AGRICULTURE & GARDENING,36100
JHARKHAND,2009,BAG,30
JHARKHAND,2009,BLOUSE,65
JHARKHAND,2009,CAP,90
JHARKHAND,2009,CLOTHS,733036
JHARKHAND,2009,CLOTH WEAVING,199819
JHARKHAND,2009,FLY LEAF MAKING,8130
JHARKHAND,2009,HANDLOOM PRODUCTION,30000
JHARKHAND,2009,INDUSTRIAL,3413145
JHARKHAND,2009,KHAPRA INDUSTRIES,10001
JHARKHAND,2009,MAFLER,100
JHARKHAND,2009,MANUFACTURING DEPARTMENT,11832948
JHARKHAND,2009,PETICOT,400
JHARKHAND,2009,PHENYLE,543289
JHARKHAND,2009,SAMEEJ,30
JHARKHAND,2009,SWEATER,170
JHARKHAND,2009,TASAR SILK YARN,99536
JHARKHAND,2009,WASHING SOAP,435794
JHARKHAND,2009,WEAVING CLOTH,2530865
JHARKHAND,2010,AGARBATI AND GARDENING,105136
JHARKHAND,2010,AGRICULTURE,692432
JHARKHAND,2010,CASTIC SOAP MAKING,620388
JHARKHAND,2010,CLOTHS,16
JHARKHAND,2010,CLOTH INDUSTRIES,15000
JHARKHAND,2010,CLOTH WEAVING,4095765
JHARKHAND,2010,CLOTH WEAVING,595937
JHARKHAND,2010,FLY LEAF MAKING,15900
JHARKHAND,2010,INDUSTRIAL,17391787
JHARKHAND,2010,PHENYL MAKING,880215
JHARKHAND,2010,TASAR SILK YARN,102757
JHARKHAND,2011,AGRICULTURE,3014737
JHARKHAND,2011,AGRICULTURE & GARDENING,135139
JHARKHAND,2011,CAUSTIC SOAP,580400
JHARKHAND,2011,CLOTHING,892756
JHARKHAND,2011,INDUSTRIAL,5686628
JHARKHAND,2011,MANUFACTURING DEPARTMENT,18444353
JHARKHAND,2011,PHENYLE,789500
JHARKHAND,2011,TAILORING,615
JHARKHAND,2011,TASAR SILK YARN,36610
JHARKHAND,2011,TILES INDUSTRIES,10500
JHARKHAND,2011,WEAVING,270
JHARKHAND,2011,WEAVING CLOTH,4130290
JHARKHAND,2012,WEAVING CLOTH,5106936
JHARKHAND,2012,PHENYLE,805350
JHARKHAND,2012,CAUSTIC SOAP (WASHING SOAP),630000
JHARKHAND,2012,KHAPRA,5200
JHARKHAND,2012,AGRICULTURE & GARDENING,105130
JHARKHAND,2012,INDUSTRIAL,7149327
JHARKHAND,2012,AGRICULTURE,637870
JHARKHAND,2012,CLOTHS,600000
JHARKHAND,2012,MANUFACTURING DEPARTMENT,14551856
JHARKHAND,2012,COCOON RELING,36610
JHARKHAND,2012,GARDENING,21350
JHARKHAND,2012,VEGETABLE PRODUCTION FOR JAIL KITCHEN,12960
KARNATAKA,2001,AGRICULTURAL,4832418
KARNATAKA,2001,INDUSTRIAL,5253435
KARNATAKA,2002,AGRICULTURE,4816437
KARNATAKA,2002,INDUSTRIAL,4176683
KARNATAKA,2003,AGRICULTURE,2521000
KARNATAKA,2003,INDUSTRIAL,4718000
KARNATAKA,2004,AGRICULTURAL,4790000
KARNATAKA,2004,JAIL INDUSTRIES,5374000
KARNATAKA,2006,AGRICULTURAL,4711000
KARNATAKA,2006,INDUSTRIAL,4743000
KARNATAKA,2007,AGRICULTURE,2639000
KARNATAKA,2007,INDUSTRIAL,7894000
KARNATAKA,2008,INDUSTRIAL,9725000
KARNATAKA,2008,AGRICULTURAL,3314000
KARNATAKA,2009,INDUSTRIAL ACTIVITY,5584000
KARNATAKA,2009,AGRICULTURAL ACTIVITY,1473000
KARNATAKA,2010,AGRICULTURAL PRODUCTION,2658000
KARNATAKA,2010,INDUSTRIAL PRODUCTION,6808000
KARNATAKA,2011,PRISON INDUSTRIAL PRODUCTION,7831000
KARNATAKA,2011,AGRICULTURAL PRODUCTION,3780000
KARNATAKA,2012,INDUSTRIAL PRODUCTION,10833000
KARNATAKA,2012,AGRICULTURE PRODUCTION,3794000
KARNATAKA,2012,BAKERY PRODUCTION,5150000
KERALA,2001,INDUSTRIAL,3351771
KERALA,2001,AGRICULTURE,686237
KERALA,2001,RUBBER PLANTATION,937600
KERALA,2001,OTHERS,9791
KERALA,2002,INDUSTRIAL,1793698
KERALA,2002,AGRICULTURE,478620
KERALA,2002,RUBBER PLANTATION,1096468
KERALA,2002,CASHEW NUT,553100
KERALA,2002,OTHERS,138388
KERALA,2003,INDUSTRIAL,4845911
KERALA,2003,AGRICULTURE,1038766
KERALA,2003,RUBBER PLANTATION,3499750
KERALA,2003,AUCTION OF CASHEWNUTS,485000
KERALA,2004,CARPENTRY,385635
KERALA,2004,SMITHY,97188
KERALA,2004,TAILORING,405429
KERALA,2004,WEAVING,1009690
KERALA,2004,GARDENING,361004
KERALA,2004,LEATHER,2250
KERALA,2004,RUBBER SHEETS,4050000
KERALA,2004,FISH & MILK,100000
KERALA,2005,CARPENTRY,385635
KERALA,2005,SMITHY,97188
KERALA,2005,TAILORING,405429
KERALA,2005,WEAVING,1006990
KERALA,2005,GARDEN,361004
KERALA,2005,LEATHER,2250
KERALA,2005,RUBBER SHEETS,4050000
KERALA,2005,FISH & MILK,100000
KERALA,2006,INDUSTRIES,771525
KERALA,2006,AGRICULTURE,5108503
KERALA,2007,INDUSTRIAL,2825339
KERALA,2007,AGRICULTURE,11988641
KERALA,2008,INDUSTRIAL,983105
KERALA,2008,AGRICULTURAL,5546072
KERALA,2009,INDUSTRIES,918862
KERALA,2009,AGRICULTURE,7606216
KERALA,2010,INDUSTRIES,1056691
KERALA,2010,AGRICULTURE,10266755
KERALA,2011,INDUSTRIAL,4893548
KERALA,2011,AGRICULTURAL,19655841
KERALA,2011,CHAPPATHI AND FOOD PRODUCTS SALES,3849874
KERALA,2012,JAIL MANUFACTURY,9215861
KERALA,2012,AGRICULTURE,17564389
KERALA,2012,CHAPPATHI AND FOOD PRODUCTS SALES,98187028
KERALA,2012,CATTLE AND POULTRY PRODUCTS SALE,561730
MADHYA PRADESH,2002,AGRICULTURE,705468
MADHYA PRADESH,2002,INDUSTRIAL,5574958
MADHYA PRADESH,2003,INDUSTRIAL,11596354
MADHYA PRADESH,2003,AGRICULTURE,459805
MADHYA PRADESH,2004,INDUSTRIAL,16963570
MADHYA PRADESH,2004,AGRICULTURAL,615900
MADHYA PRADESH,2005,SMALL INDUSTRY,16641321
MADHYA PRADESH,2005,AGRICULTURE,435874
MADHYA PRADESH,2006,INDUSTRIAL,19477508
MADHYA PRADESH,2006,AGRICULTURAL,228005
MADHYA PRADESH,2007,SMALL INDUSTRIES,8232100
MADHYA PRADESH,2007,AGRICULTURE,424453
MADHYA PRADESH,2008,SMALL INDUSTRY,10090280
MADHYA PRADESH,2008,AGRICULTURAL,954773
MADHYA PRADESH,2009,SMALL INDUSTRIES,12632382
MADHYA PRADESH,2009,AGRICULTURE,3733525
MADHYA PRADESH,2010,SMALL INDUSTRIES,10822035
MADHYA PRADESH,2010,AGRICULTURE,1378829
MADHYA PRADESH,2011,SMALL INDUSTRIES,12210532
MADHYA PRADESH,2011,AGRICUTLURE,1636385
MADHYA PRADESH,2012,SMALL INDUSTRIES,20067005
MADHYA PRADESH,2012,AGRICULTURE,2292560
MAHARASHTRA,2001,INDUSTRIAL,107190047
MAHARASHTRA,2001,AGRICULTURE,19776905
MAHARASHTRA,2002,INDUSTRIAL,114421000
MAHARASHTRA,2002,AGRICULTURE,18844358
MAHARASHTRA,2003,INDUSTRIAL,122221000
MAHARASHTRA,2003,AGRICULTURE,17595412
MAHARASHTRA,2004,INDUSTRIAL,126509000
MAHARASHTRA,2004,AGRICULTURAL,10798785
MAHARASHTRA,2004,TOTAL,137307785
MAHARASHTRA,2005,INDUSTRIAL,121315000
MAHARASHTRA,2005,AGRICULTURE,11616300
MAHARASHTRA,2005,TOTAL,132931300
MAHARASHTRA,2006,INDUSTRIAL,90713633
MAHARASHTRA,2006,AGRICULTURE,18483089
MAHARASHTRA,2007,INDUSTRIAL,134305809
MAHARASHTRA,2007,AGRICULTURE,19143021
MAHARASHTRA,2008,INDUSTRIAL,121957056
MAHARASHTRA,2008,AGRICULTURAL,19143021
MAHARASHTRA,2009,INDUSTRIAL,87066000
MAHARASHTRA,2009,AGRICULTURAL,16979512
MAHARASHTRA,2010,INDUSTRIAL,85396000
MAHARASHTRA,2010,AGRICULTURE,17658786
MAHARASHTRA,2011,INDUSTRIAL,88058000
MAHARASHTRA,2011,AGRICULTURE,17775309
MAHARASHTRA,2012,INDUSTRIAL,95818000
MAHARASHTRA,2012,AGRICULTURE,18494775
MANIPUR,2009,NIL,0
MANIPUR,2012,NIL,0
MEGHALAYA,2005,FURNITURE,12890
MEGHALAYA,2006,INDUSTRIAL,3375
MEGHALAYA,2008,INDUSTRIAL,13550
MEGHALAYA,2009,INDUSTRIAL,6800
MEGHALAYA,2009,NIL,0
MEGHALAYA,2010,CRAFT,14200
MEGHALAYA,2011,INDUSTRIAL,32600
MEGHALAYA,2011,AGRICULTURE,6000
MEGHALAYA,2012,NIL,0
MIZORAM,2001,INDUSTRIAL,41035
MIZORAM,2002,INDUSTRIAL,40000
MIZORAM,2002,PIGGERY,10000
MIZORAM,2003,INDUSTRIAL,35000
MIZORAM,2003,PIGGERY,20000
MIZORAM,2004,INDUSTRIAL,35000
MIZORAM,2004,PIGGERY,20000
MIZORAM,2005,VOCATIONAL,38000
MIZORAM,2005,PIGGERY,24000
MIZORAM,2006,INDUSTRIAL,65000
MIZORAM,2007,INDUSTRIAL,35752
MIZORAM,2007,PIGERY PRODUCT,35000
MIZORAM,2007,MUSHROOM CULTIVATION,4250
MIZORAM,2008,INDUSTRIAL,30630
MIZORAM,2008,PIGERY PRODUCT,24300
MIZORAM,2009,INDUSTRIAL,33528
MIZORAM,2009,PIGGERY PRODUCT,31910
MIZORAM,2010,INDUSTRIAL (VOCATIONAL TRAINING CENTRE),35528
MIZORAM,2010,PIGGERY PRODUCT,32500
MIZORAM,2011,INDUSTRIAL,44550
MIZORAM,2011,PIGGERY PRODUCT,33000
MIZORAM,2011,OTHERS,8650
MIZORAM,2012,INDUSTRIAL,40000
MIZORAM,2012,PIGGERY PRODUCT,20000
NAGALAND,2009,NIL,0
NAGALAND,2011,BAMBOO BASKET,2500
NAGALAND,2011,MINIATURE MODEL HOUSE & DECORATIVE ITEMS,7000
NAGALAND,2011,HANDICRAFTS,800
NAGALAND,2011,BROOMS,450
NAGALAND,2011,BAMBOO PLATES & CUPS,3000
NAGALAND,2011,BAMBOO SEATS (MORAH),5000
NAGALAND,2011,WOODEN TABLES & CHAIRS,2400
NAGALAND,2011,BAMBOO DECORATIVE ITEMS,900
NAGALAND,2011,HANDICRAFTS,5000
NAGALAND,2012,HANDICRAFTS,5950
NAGALAND,2012,BROOMS,400
NAGALAND,2012,BAMBOO PLATES & CUPS,2950
NAGALAND,2012,BAMBOO SEATS (MORAH),5150
NAGALAND,2012,WOODEN TABLES & CHAIRS,2610
NAGALAND,2012,BAMBOO DECORATIONAL ITEMS(MISCELLANEOUS),700
ORISSA,2001,INDUSTRIAL,2223391
ORISSA,2001,AGRICULTURE,424488.62
ORISSA,2004,INDUSTRIAL,503235
ORISSA,2004,GARDENING,94596
ORISSA,2005,INDUSTRIAL,1534720
ORISSA,2005,AGRICULTURE,526414
ORISSA,2006,INDUSTRIAL,2577060
ORISSA,2006,AGRICULTURE,967000
ORISSA,2008,INDUSTRIAL,3217320
ORISSA,2008,AGRICULTURAL,1127371
ORISSA,2009,INDUSTRIAL,6931966
ORISSA,2009,AGRICULTURE,3049397
ORISSA,2010,INDUSTRIAL,6141432.95
ORISSA,2010,AGRICULTURE,1818984
ORISSA,2011,INDUSTRIAL,5134982
ORISSA,2011,AGRICULTURE,1613778
ORISSA,2012,AGRICULTURE,3452000
ORISSA,2012,INDUSTRIAL,5243000
PUNJAB,2001,INDUSTRIAL,17787445
PUNJAB,2001,AGRICULTURAL,8686066
PUNJAB,2002,INDUSTRIAL,19104208
PUNJAB,2002,AGRICULTURAL,11305827
PUNJAB,2003,INDUSTRIES,5290662
PUNJAB,2003,AGRICULTURE,6399935
PUNJAB,2004,INDUSTRIAL,18302766
PUNJAB,2004,AGRICULTURE,5611714
PUNJAB,2005,INDUSTRIAL,21783203
PUNJAB,2005,AGRICULTURE,6504297
PUNJAB,2006,INDUSTRIES,19840090
PUNJAB,2006,AGRICULTURE,6379631
PUNJAB,2007,INDUSTRIAL,9839663
PUNJAB,2007,AGRICULTURE,17491669
PUNJAB,2008,INDUSTRIAL,14625000
PUNJAB,2008,AGRICULTURAL,9475748
PUNJAB,2009,AGRICULTURE,1060200
PUNJAB,2009,INDUSTRIAL,19289333
PUNJAB,2010,AGRICULTURE,6147652
PUNJAB,2010,INDUSTRIAL,17885274
PUNJAB,2011,AGRICULTURE,5171057
PUNJAB,2011,INDUSTRIAL,11997996
PUNJAB,2012,AGRICULTURE,9613322
PUNJAB,2012,INDUSTRIAL,17012270
RAJASTHAN,2001,CLOTHS,953045.02
RAJASTHAN,2001,DARI,1377607
RAJASTHAN,2001,TAILORING,677349.39
RAJASTHAN,2001,NIWAR,1208050.95
RAJASTHAN,2001,CARPENTRY,686980.48
RAJASTHAN,2001,BLACK SMITH,141936
RAJASTHAN,2001,COOLER INDUSTRY,21130.08
RAJASTHAN,2001,CARPET,7824.15
RAJASTHAN,2001,OTHERS,295060.11
RAJASTHAN,2002,CLOTHS,1620120.75
RAJASTHAN,2002,DARI INDUSTRY,1138563.28
RAJASTHAN,2002,TAILORING,685336.43
RAJASTHAN,2002,NIWAR,2587347.05
RAJASTHAN,2002,CARPET,18115.7
RAJASTHAN,2002,FURNITURE,417524.17
RAJASTHAN,2002,COOLER INDUSTRY,363787
RAJASTHAN,2002,OTHERS,3216414.49
RAJASTHAN,2003,CLOTHS,816265.85
RAJASTHAN,2003,DARI,1700290.6
RAJASTHAN,2003,TAILORING,1202629.15
RAJASTHAN,2003,NIWAR,2508677.04
RAJASTHAN,2003,CARPET,3820
RAJASTHAN,2003,FURNITURE,637797.85
RAJASTHAN,2003,COOLER,210630
RAJASTHAN,2003,OTHERS,668480.6
RAJASTHAN,2004,CLOTHS,867277
RAJASTHAN,2004,DARI,1801872
RAJASTHAN,2004,TAILORING,590173
RAJASTHAN,2004,NIWAR,1421889
RAJASTHAN,2004,CARPET,22940
RAJASTHAN,2004,FURNITURE,648086
RAJASTHAN,2004,COOLER,392165
RAJASTHAN,2004,OTHERS,1532884
RAJASTHAN,2005,CLOTHS,1840108
RAJASTHAN,2005,DARI,1848659
RAJASTHAN,2005,TAILORING,2224931
RAJASTHAN,2005,NIWAR,452357
RAJASTHAN,2005,CARPET,19357
RAJASTHAN,2005,FURNITURE,193604
RAJASTHAN,2005,OTHERS,893138
RAJASTHAN,2006,INDUSTRIAL,7181757
RAJASTHAN,2007,CLOTHS,1698807
RAJASTHAN,2007,DARI,1180332
RAJASTHAN,2007,TAILORING,2049965
RAJASTHAN,2007,NIWAR,821903
RAJASTHAN,2007,CARPET,6373
RAJASTHAN,2007,FURNITURE,286402
RAJASTHAN,2007,BLACK SMITH,1052101
RAJASTHAN,2007,OTHERS,2311117
RAJASTHAN,2008,CLOTHS,1470750
RAJASTHAN,2008,DARI MAKING,1710527
RAJASTHAN,2008,TAILORING,1926020
RAJASTHAN,2008,NIWAR,1433709
RAJASTHAN,2008,FURNITURE,209507
RAJASTHAN,2008,BLACK SMITH,1215186
RAJASTHAN,2008,OTHER CARPET,12.192
RAJASTHAN,2009,CLOTHS,375204
RAJASTHAN,2009,DARI,290964
RAJASTHAN,2009,TAILORING,2360335
RAJASTHAN,2009,NIWAR,327184
RAJASTHAN,2009,FURNITURE,48942
RAJASTHAN,2009,BLACK SMITH,401974
RAJASTHAN,2009,OTHERS,19380
RAJASTHAN,2010,CLOTHS,666092
RAJASTHAN,2010,DARI,162521
RAJASTHAN,2010,TAILORING,814872
RAJASTHAN,2010,NIWAR,402001
RAJASTHAN,2010,FURNITURE,88687
RAJASTHAN,2010,BLACK SMITH,1016264
RAJASTHAN,2010,OTHERS (CARPET),155943
RAJASTHAN,2011,CLOTHS,437565.46
RAJASTHAN,2011,DARI,31964.04
RAJASTHAN,2011,TAILORING,354760
RAJASTHAN,2011,NIWAR,977545
RAJASTHAN,2011,FURNITURE,631805
RAJASTHAN,2011,BLACK SMITH,819192
RAJASTHAN,2011,OTHERS/CARPET,2210
RAJASTHAN,2012,PL CLOTHS,283780
RAJASTHAN,2012,NIWAR BUNAI,224512
RAJASTHAN,2012,BANDI CLOTHS SILAIE,325636
RAJASTHAN,2012,FURNITURE,12229
RAJASTHAN,2012,P L CLOTH,385419
RAJASTHAN,2012,DURRIES,15258
RAJASTHAN,2012,CLOTHS,320929
RAJASTHAN,2012,PRISONS CLOTH,433884
RAJASTHAN,2012,NIWAR,581637
RAJASTHAN,2012,COLOURED CLOTH,48640
RAJASTHAN,2012,FURNITURE,44471
RAJASTHAN,2012,IRON,385750
RAJASTHAN,2012,WASHING,54468
RAJASTHAN,2012,COTTON DURRIES,1036
RAJASTHAN,2012,POWERLOOM,39913
RAJASTHAN,2012,TAILOR,163857
RAJASTHAN,2012,CARPENTRY,132230
RAJASTHAN,2012,TARARI INDI.,126324
RAJASTHAN,2012,NIWAR BUNAI,415892
SIKKIM,2007,CARPENTRY,38475
SIKKIM,2007,TAILORING,3950
SIKKIM,2007,AGRICULTURE,7911
SIKKIM,2007,ENVELOPE MAKING UNIT,4839
SIKKIM,2007,BAMBOO WORK,48085
SIKKIM,2007,TEA PLANTATION,5870
SIKKIM,2008,CARPENTARY,219574
SIKKIM,2008,AGRICULTURAL,14252
SIKKIM,2008,BAMBOO PRODUCTS,101050
SIKKIM,2008,TAILORING,52616
SIKKIM,2008,ENVELOPE MAKING UNIT,8085
SIKKIM,2008,TEA GARDEN PRODUCT,5690
SIKKIM,2008,MUSHROOM,5685
SIKKIM,2009,CARPENTRY/CARVING PRODUCTS,245219
SIKKIM,2009,AGRICULTURAL PRODUCTS,29555
SIKKIM,2009,BAMBOO PRODUCTS,102290
SIKKIM,2009,TAILORING UNIT PRODUCTS,9048
SIKKIM,2009,ENVELOPE MAKING UNIT,5790
SIKKIM,2009,TEA GARDEN PRODUCT,5755
SIKKIM,2009,DAIRY FARM,45364
SIKKIM,2009,BAKERY UNIT,6979
SIKKIM,2010,CARPENTRY/CARVING PRODUCTS,137249
SIKKIM,2010,AGRICULTURAL PRODUCTS,15870
SIKKIM,2010,BAMBOO PRODUCTS,82990
SIKKIM,2010,TAILORING UNIT PRODUCTS,2975
SIKKIM,2010,ENVELOPE MAKING UNIT,56700
SIKKIM,2010,TEA GARDEN PRODUCT,2480
SIKKIM,2010,DAIRY FARM,137280
SIKKIM,2010,BAKERY,32690
SIKKIM,2011,CARPENTRY/CARVING PRODUCTS,162411
SIKKIM,2011,AGRICULTURAL PRODUCTS,23864
SIKKIM,2011,BAMBOO PRODUCTS,107990
SIKKIM,2011,TAILORING UNIT PRODUCTS,4475
SIKKIM,2011,ENVELOPE MAKING UNIT,72700
SIKKIM,2011,TEA GARDEN PRODUCTS,4980
SIKKIM,2011,DAIRY FARM,150280
SIKKIM,2011,BAKERY UNIT,79632
SIKKIM,2011,FLORICULTURE,7500
SIKKIM,2012,CARPENTRY/CARVING PRODUCTS,170810
SIKKIM,2012,AGRICULTURAL PRODUCTS,25700
SIKKIM,2012,BAMBOO PRODUCTS,114540
SIKKIM,2012,TAILORING UNIT PRODUCTS,5077
SIKKIM,2012,ENVELOPE MAKING UNIT,76344
SIKKIM,2012,DAIRY FARM,167160
SIKKIM,2012,BAKERY UNIT,82245
SIKKIM,2012,FLORICULTURE,8912
TAMILNADU,2001,ALLUMINIUM,398600
TAMILNADU,2001,BLACK SMITH,145773
TAMILNADU,2001,BOOK BINDING,902066
TAMILNADU,2001,BOOT,8939561
TAMILNADU,2001,DYING,766098
TAMILNADU,2001,HANDLOOM SPINNING,2338476
TAMILNADU,2001,HANDMADE PAPER,2771318
TAMILNADU,2001,PHENYLE,313400
TAMILNADU,2001,SEALING WAX,879000
TAMILNADU,2001,SERICULTURE,13914
TAMILNADU,2001,SOAP,2347770
TAMILNADU,2001,TAG,330885
TAMILNADU,2001,TAILORING,12035706
TAMILNADU,2001,TAP MAKING,45400
TAMILNADU,2001,TENT,358818
TAMILNADU,2001,TWISTED THREADS,159640
TAMILNADU,2001,WEAVING,22008400
TAMILNADU,2002,ALLUMINIUM,351099
TAMILNADU,2002,BLACK SMITH,103266
TAMILNADU,2002,BOOK BINDING,804250
TAMILNADU,2002,BOOT,1657016
TAMILNADU,2002,DYING,51242
TAMILNADU,2002,HAND MADE PAPER,1615792
TAMILNADU,2002,HANDLOOM,866126
TAMILNADU,2002,PHENYLE,264220
TAMILNADU,2002,SOAP,2136802
TAMILNADU,2002,TAG,216728
TAMILNADU,2002,TAILORING,7870620
TAMILNADU,2002,TAPE MAKING,35800
TAMILNADU,2002,TWISTED THREADS,65800
TAMILNADU,2002,WEAVING,14650278
TAMILNADU,2003,ALLUMINIUM,360000
TAMILNADU,2003,BLACK SMITH,104065
TAMILNADU,2003,BOOK BINDING,804310
TAMILNADU,2003,BOOT MAKING,1836217
TAMILNADU,2003,DYEING,52310
TAMILNADU,2003,HAND PAPER,1715308
TAMILNADU,2003,SPINNING,965410
TAMILNADU,2003,PHENYLE,265401
TAMILNADU,2003,SOAP,2247115
TAMILNADU,2003,TAG,220050
TAMILNADU,2003,TAILORING,7870620
TAMILNADU,2003,TWISTED THREADS,66400
TAMILNADU,2003,WEAVING,15650275
TAMILNADU,2004,ALLUMINIUM,370000
TAMILNADU,2004,BLACK SMITH,105065
TAMILNADU,2004,BOOK BINDING,964315
TAMILNADU,2004,DYEING,55310
TAMILNADU,2004,HAND MADE PAPER,1915307
TAMILNADU,2004,SPINNING,975510
TAMILNADU,2004,PHENYLE,362410
TAMILNADU,2004,SOAP,2347110
TAMILNADU,2004,TAG,237810
TAMILNADU,2004,TAILORING,7871610
TAMILNADU,2004,TWISTED THREADS,67660
TAMILNADU,2004,WEAVING,17650275
TAMILNADU,2004,BOOT MAKING,2036710
TAMILNADU,2005,JAIL MADE ARTICLES PRODUCTED TO THE VALU,28959353.25
TAMILNADU,2006,INDUSTRIAL,26705900
TAMILNADU,2006,AGRICULTURAL,1689423
TAMILNADU,2007,WEAVING,15589320
TAMILNADU,2007,BOOK BINDING,823715
TAMILNADU,2007,SOAP,5964324
TAMILNADU,2007,TAILORING,4575478
TAMILNADU,2007,ALUMINIUM INDUSTRY,106250
TAMILNADU,2007,BOOT MAKING,4102600
TAMILNADU,2007,BLACK SMITH,776043
TAMILNADU,2007,AGRICULTURE,1104448
TAMILNADU,2007,CURRY LEAVES IN KG,19162
TAMILNADU,2007,GREENS,276190
TAMILNADU,2007,COCONUTS IN NOS,278735
TAMILNADU,2007,TENDER COCONUTS,44266
TAMILNADU,2007,FRUITS,5164
TAMILNADU,2007,TAMARIND,64668
TAMILNADU,2007,SILK COTTON,600
TAMILNADU,2007,FIRE WOOD,35190
TAMILNADU,2007,MILK/CURD,88259
TAMILNADU,2007,CATTLE FEED,148031
TAMILNADU,2008,AGRICULTURAL,13258
TAMILNADU,2008,BINDING,705367
TAMILNADU,2008,DYEING,1362851
TAMILNADU,2008,HAND MADE PAPER,3204776
TAMILNADU,2008,HANDLOOM & SPINNING,1085500
TAMILNADU,2008,INDUSTRIAL,7666397
TAMILNADU,2008,SEALING WAX,529250
TAMILNADU,2008,SOAP,4647955
TAMILNADU,2008,TAILORING,5815042
TAMILNADU,2008,TAG MAKING,588280
TAMILNADU,2008,WEAVING,10399556
TAMILNADU,2009,SEALING WAX,38500
TAMILNADU,2009,WEAVING,16768884
TAMILNADU,2009,TAILORING,319129
TAMILNADU,2009,BOOK BINDING,866828
TAMILNADU,2009,BOOT MAKING,10305763
TAMILNADU,2009,HAND MADE PAPER,12184797
TAMILNADU,2009,SOAP,7743490
TAMILNADU,2009,ALLUMINIUM,86885
TAMILNADU,2009,TAPE MAKING,50666
TAMILNADU,2009,TWISTED THREADS,102069
TAMILNADU,2009,TAG MAKING,180929
TAMILNADU,2009,HANDLOOM SPINNING,440895
TAMILNADU,2009,AGRICULTURAL,1527761.32
TAMILNADU,2010,SEALING WAX,62392
TAMILNADU,2010,WEAVING,19172099
TAMILNADU,2010,TAILORING,1704364
TAMILNADU,2010,BOOK BINDING,1780134
TAMILNADU,2010,BOOT MAKING,1578284
TAMILNADU,2010,HAND MADE PAPER,9166401
TAMILNADU,2010,SOAP,3753517
TAMILNADU,2010,ALLUMINIUM,48960
TAMILNADU,2010,TAPE MAKING,19270
TAMILNADU,2010,TWISTED THREADS,18189
TAMILNADU,2010,TAG MAKING,101896
TAMILNADU,2010,HANDLOOM SPINNING,333935
TAMILNADU,2010,AGRICULTURAL,1308963
TAMILNADU,2010,BLACK SMITH,211230
TAMILNADU,2011,WEAVING,18374820
TAMILNADU,2011,TAILORING,2244255
TAMILNADU,2011,BOOK BINDING,2385981
TAMILNADU,2011,BOOT,1242198
TAMILNADU,2011,HAND MADE PAPER MAKING,8310545
TAMILNADU,2011,SOAP INDUSTRY,4633500
TAMILNADU,2011,ALLUMINIUM,24425
TAMILNADU,2011,TAPE MAKING,56150
TAMILNADU,2011,TWISTED THREADS,21715
TAMILNADU,2011,TAG MAKING,38400
TAMILNADU,2011,HAND LOOM SPINING,824160
TAMILNADU,2011,AGRICULTURAL,2181684
TAMILNADU,2012,PAD MAKING,1983360
TAMILNADU,2012,BOOK BINDING,92973
TAMILNADU,2012,COVER MAKING,393240
TAMILNADU,2012,GAUZE CLOTH,1193350
TAMILNADU,2012,SEALING WAX MAKING,103500
TAMILNADU,2012,CARD BOARD PAPER,16875
TAMILNADU,2012,BOOK BINDING,1061922
TAMILNADU,2012,HANDLOOM SPINNING,1303400
TAMILNADU,2012,TAILORING,3600850
TAMILNADU,2012,WEAVING,32122429
TAMILNADU,2012,BOOT MAKING INDUSTRY,26406140
TAMILNADU,2012,HANDMADE PAPER INDUSTRY,26947366
TAMILNADU,2012,PAPER MAKING INDUSTRY,3967023
TAMILNADU,2012,BINDING INDUSTRY,495228
TAMILNADU,2012,SOAP INDUSTRY,5652068
TAMILNADU,2012,ALUMINIUM INDUSTRY,546840
TAMILNADU,2012,BLACKSMITH INDUSTRY (STEEL),71720
TAMILNADU,2012,TAPE MAKING INDUSTRY,92470
TAMILNADU,2012,TWISTED THREADS,74830
TAMILNADU,2012,TAG,237760
TAMILNADU,2012,HANDLOOM SPINNING MILL,1288720
TAMILNADU,2012,SERICULTURE,122000
TAMILNADU,2012,AGRICULTURAL PRODUCTION IN PRISONS,7821896
TRIPURA,2001,PRESS,0
TRIPURA,2001,TAILORING,0
TRIPURA,2001,WEAVING,0
TRIPURA,2001,CULTIVATION,0
TRIPURA,2001,PIGGERY FIRM,0
TRIPURA,2001,DUCKERY,0
TRIPURA,2001,POULTRY,0
TRIPURA,2001,PISCICULTURE,0
TRIPURA,2001,VEGETABLE,0
TRIPURA,2001,AGRICULTURE,0
TRIPURA,2001,RABBIT,599202
TRIPURA,2003,OTHERS,410512
TRIPURA,2004,OTHERS,878145
TRIPURA,2005,TOTAL,479691
TRIPURA,2006,INDUSTRIAL,270249
TRIPURA,2006,AGRICULTURAL,528626
TRIPURA,2007,INDUSTRIAL,71586
TRIPURA,2007,AGRICULTURE,565811
TRIPURA,2008,INDUSTRIAL,115127
TRIPURA,2008,AGRICULTURAL,441123
TRIPURA,2009,INDUSTRIAL,141723
TRIPURA,2009,AGRICULTURE,481372
TRIPURA,2010,INDUSTRIAL,185083
TRIPURA,2010,AGRICULTURE,552852
TRIPURA,2011,INDUSTRIAL,96088
TRIPURA,2011,AGRICULTURE,582669
TRIPURA,2012,INDUSTRIAL,132020
TRIPURA,2012,AGRICULTURE,615011
UTTAR PRADESH,2001,AGRICULTURE,354178
UTTAR PRADESH,2001,BHUSA,5720
UTTAR PRADESH,2001,GRAINS,32718
UTTAR PRADESH,2001,INDUSTRIES,7816022
UTTAR PRADESH,2001,JAIL INDUSTRIES,172631
UTTAR PRADESH,2001,JAIL IRRIGATION,520142
UTTAR PRADESH,2001,VEGETABLE,1302611
UTTAR PRADESH,2002,AGRICULTURE,645992
UTTAR PRADESH,2002,BHUSA,43200
UTTAR PRADESH,2002,DARI INDUSTRY,250046
UTTAR PRADESH,2002,INDUSTRIAL,7814373
UTTAR PRADESH,2002,JAIL INDUSTRIES,5448747
UTTAR PRADESH,2002,MASALA FACTORY,3164350
UTTAR PRADESH,2002,VEGETABLE,1409020
UTTAR PRADESH,2003,TENT,6419000
UTTAR PRADESH,2003,BLANKET,3641000
UTTAR PRADESH,2003,SEVING,4267000
UTTAR PRADESH,2003,STEEL,2290000
UTTAR PRADESH,2003,SOAP & PHENYLE,4076000
UTTAR PRADESH,2003,POWERLOOM,1070000
UTTAR PRADESH,2003,OTHERS,12619000
UTTAR PRADESH,2004,TENT,8479000
UTTAR PRADESH,2004,BLANKET,3641000
UTTAR PRADESH,2004,SEWING,6261000
UTTAR PRADESH,2004,STEEL,1667000
UTTAR PRADESH,2004,SOAP PHENYLE,3302000
UTTAR PRADESH,2004,POWERLOOM,3766000
UTTAR PRADESH,2004,OTHERS,16756000
UTTAR PRADESH,2005,TENT,13762000
UTTAR PRADESH,2005,BLANKET,4633000
UTTAR PRADESH,2005,SEWING,7848000
UTTAR PRADESH,2005,STEEL,220000
UTTAR PRADESH,2005,SOAP,5368000
UTTAR PRADESH,2005,POWERLOOM,9111000
UTTAR PRADESH,2005,OTHERS,21687000
UTTAR PRADESH,2005,AGRICULTURE,44812000
UTTAR PRADESH,2006,TENT INDUSTRY,11068000
UTTAR PRADESH,2006,BLANKET INDUSTRY,5382000
UTTAR PRADESH,2006,SEWING INDUSTRY,7694000
UTTAR PRADESH,2006,SOAP PHENY INDUSTRY,5474000
UTTAR PRADESH,2006,POWERLOOM INDUSTRY,10023000
UTTAR PRADESH,2006,OTHER INDUSTRY,20889000
UTTAR PRADESH,2006,AGRICULTURE,42466000
UTTAR PRADESH,2007,TENT INDUSTRY,4369000
UTTAR PRADESH,2007,BLANKET INDUSTRY,1692000
UTTAR PRADESH,2007,TAILORING,4735000
UTTAR PRADESH,2007,SOAP,6586000
UTTAR PRADESH,2007,POWERLOOM INDUSTRY,3370000
UTTAR PRADESH,2007,STEEL INDUSTRY,750000
UTTAR PRADESH,2007,INDUSTRIAL,13548000
UTTAR PRADESH,2007,AGRICULTURE,47166000
UTTAR PRADESH,2008,TENT INDUSTRY,1662000
UTTAR PRADESH,2008,BLANKET INDUSTRY,6045000
UTTAR PRADESH,2008,SEWING,3094000
UTTAR PRADESH,2008,STEEL,1272000
UTTAR PRADESH,2008,SOAP PHYNYLE INDUSTRY,2010000
UTTAR PRADESH,2008,POWERLOOM INDUSTRY,435000
UTTAR PRADESH,2008,INDUSTRIES,7019000
UTTAR PRADESH,2008,AGRICULTURAL,78488000
UTTAR PRADESH,2009,TENT INDUSTRY,651000
UTTAR PRADESH,2009,BLANKET INDUSTRY,4629000
UTTAR PRADESH,2009,SEWING INDUSTRY,12009000
UTTAR PRADESH,2009,STEEL INDUSTRY,1191000
UTTAR PRADESH,2009,SOAP PHENYL INDUSTRY,8268000
UTTAR PRADESH,2009,OTHER INDUSTRY,4529000
UTTAR PRADESH,2009,AGRICULTURE PRODUCTION,66810000
UTTAR PRADESH,2010,TENT INDUSTRY,292000
UTTAR PRADESH,2010,BLANKET INDUSTRY,5516000
UTTAR PRADESH,2010,SEWING INDUSTRY,14578000
UTTAR PRADESH,2010,STEEL INDUSTRY,223000
UTTAR PRADESH,2010,SOAP PHENYL INDUSTRY,16296000
UTTAR PRADESH,2010,POWERLOOM INDUSTRY,845000
UTTAR PRADESH,2010,OTHER INDUSTRY,8331000
UTTAR PRADESH,2010,AGRICULTURE PRODUCTION,78358000
UTTAR PRADESH,2011,TENT INDUSTRY,9598388
UTTAR PRADESH,2011,BLANKET INDUSTRY,7318227
UTTAR PRADESH,2011,SEWING INDUSTRY,3766170
UTTAR PRADESH,2011,STEEL INDUSTRY,1352841
UTTAR PRADESH,2011,SOAP PHENYL INDUSTRY,7601411
UTTAR PRADESH,2011,POWERLOOM INDUSTRY,6671025
UTTAR PRADESH,2011,OTHER INDUSTRY,11945215
UTTAR PRADESH,2011,AGRICULTURAL PRODUCTION,135952000
UTTAR PRADESH,2012,TENT INDUSTRY,3733653
UTTAR PRADESH,2012,BLANKET INDUSTRY,7254610
UTTAR PRADESH,2012,SEWING INDUSTRY,2518506
UTTAR PRADESH,2012,STEEL INDUSTRY,320530
UTTAR PRADESH,2012,SOAP PHENYLE INDUSTRY,15805363
UTTAR PRADESH,2012,POWERLOOM INDUSTRY,6236687
UTTAR PRADESH,2012,OTHER INDUSTRY,5749001
UTTAR PRADESH,2012,AGRICULTURAL PRODUCTION,103992000
UTTARANCHAL,2001,AGRICULTURE,56000
UTTARANCHAL,2002,AGRICULTURE,5576988
UTTARANCHAL,2003,AGRICULTURE,5550896
UTTARANCHAL,2004,AGRICULTURE,6248775
UTTARANCHAL,2005,AGRICULTURE,7008796
UTTARANCHAL,2005,POWERLOOM,148065
UTTARANCHAL,2006,AGRICULTURE,9025408
UTTARANCHAL,2007,AGRICULTURE,7215389
UTTARANCHAL,2007,AGRICULTURE,60000
UTTARANCHAL,2008,AGRICULTURAL,8013078
UTTARANCHAL,2009,AGRICULTURE,8780000
UTTARANCHAL,2010,AGRICULTURE,8870000
UTTARANCHAL,2010,CARPENTRY,0
UTTARANCHAL,2010,BLACK SMITH,0
UTTARANCHAL,2011,AGRICULTURE,8372000
UTTARANCHAL,2011,LUGGAGE ASSEMBLY,611008
UTTARANCHAL,2011,MEDICINAL PLANT NURSERY SALE,10594
UTTARANCHAL,2011,SWITCH ASSEMBLY JOB WORK,23105
UTTARANCHAL,2012,AGRICULTURE PRODUCTION,9529200
UTTARANCHAL,2012,LUGGAGE ASSEMBLE (VIP),822127
UTTARANCHAL,2012,SWITCH (JOBWORK),84337
UTTARANCHAL,2012,AGRICULTURE MEDICANE PRODUCTION,30145
WEST BENGAL,2001,WEAVING,1230537.4
WEST BENGAL,2001,TAILORING,2227422.79
WEST BENGAL,2001,SMITHLY,770505.21
WEST BENGAL,2001,CARPENTRY,282059.54
WEST BENGAL,2001,BOOK BINDING,4162.5
WEST BENGAL,2001,"PAINTING, SCULTPURE & HANDICRAFTS",5000
WEST BENGAL,2001,CANDLES MANUFACTURING,13347
WEST BENGAL,2001,AGRICULTURE,124128.71
WEST BENGAL,2001,CANE WORKS,7312.5
WEST BENGAL,2001,UMBRELLA ASSEMBLY,150000
WEST BENGAL,2001,PHENYL PRODUCTION,870824
WEST BENGAL,2001,MUSTARD OIL,49752
WEST BENGAL,2001,WHEAT GRINDING,202411.5
WEST BENGAL,2001,WASHING & IRONING,6060.4
WEST BENGAL,2001,SOAP PRODUCTION,378810
WEST BENGAL,2002,AGRICULTURE,66229
WEST BENGAL,2002,WEAVING,1046499.66
WEST BENGAL,2002,TAILORING,2314051.6
WEST BENGAL,2002,SMITHY,142562.58
WEST BENGAL,2002,CARPENTRY,223142.4
WEST BENGAL,2002,WASHING & IRONING,4146.24
WEST BENGAL,2002,BOOK BINDING,3800
WEST BENGAL,2002,WHEAT GRINDING,190680
WEST BENGAL,2002,PHENYL MAKING,477263
WEST BENGAL,2002,JUTE WORK,218320
WEST BENGAL,2002,PAINTING,5000
WEST BENGAL,2002,OIL MILL,1381720
WEST BENGAL,2002,SHEET METAL,417778
WEST BENGAL,2002,"THALA, BATI",427954
WEST BENGAL,2002,UMBRELLA ASSEMBLY,26062
WEST BENGAL,2003,OIL,503300
WEST BENGAL,2003,CANDLES MANUFACTURING,847535
WEST BENGAL,2003,UMBRELLA,395120
WEST BENGAL,2003,PHENYLE,792240
WEST BENGAL,2003,AGRICULTURE,114093
WEST BENGAL,2004,INDUSTRIAL,1101339
WEST BENGAL,2004,AGRICULTURE,1202453
WEST BENGAL,2004,WEAVING,558423
WEST BENGAL,2004,CARPENTRY,100023
WEST BENGAL,2004,SOAP,375112
WEST BENGAL,2004,PHENYLE,516301
WEST BENGAL,2004,LAUNDRY,33565
WEST BENGAL,2004,WHEAT GRINDING,145005
WEST BENGAL,2004,DURRIE WEAVING,14440
WEST BENGAL,2004,OIL MILL,1642028
WEST BENGAL,2004,TIN,327029
WEST BENGAL,2004,WELDING,23744
WEST BENGAL,2004,UTENSIL,488721
WEST BENGAL,2004,CANDLES MANUFACTURING,73254
WEST BENGAL,2004,UMBRELLA MAKING,74006
WEST BENGAL,2004,ENVELOP MAKING,4822
WEST BENGAL,2004,TAILORING,1014883
WEST BENGAL,2005,OIL MILL,1867581
WEST BENGAL,2005,GI FABRICATION,586324
WEST BENGAL,2005,RAPAIRING,55523
WEST BENGAL,2005,ALL UTENSILS,521637
WEST BENGAL,2005,CANDLE,29389
WEST BENGAL,2005,UMBRELLA,52478
WEST BENGAL,2005,PHENYLE,149764
WEST BENGAL,2005,TAILORING,456654
WEST BENGAL,2005,CARPENTRY,58834
WEST BENGAL,2005,DHOBI,24000
WEST BENGAL,2005,ENVELOP MAKING,643
WEST BENGAL,2005,MACHINE SHOP,23829
WEST BENGAL,2005,AGRICULTURE,1518500
WEST BENGAL,2005,INDUSTRIAL,1472217
WEST BENGAL,2005,SOAP,425000
WEST BENGAL,2006,INDUSTRIAL,1182987
WEST BENGAL,2006,AGRICULTURE,151423
WEST BENGAL,2006,OIL MILL,2032556
WEST BENGAL,2006,REPAIRING/WELDING,446321
WEST BENGAL,2006,UTENSILS MAKING,252516
WEST BENGAL,2006,CANDLES MANUFACTURING,26280
WEST BENGAL,2006,UMBRELLA MAKING,57664
WEST BENGAL,2006,PHENYLE MAKING,445999
WEST BENGAL,2006,TAILORING,914116
WEST BENGAL,2006,CARPENTARY,60507
WEST BENGAL,2006,DHOBI,24000
WEST BENGAL,2006,BREAD MAKING,4921
WEST BENGAL,2006,FABRICATION,735044
WEST BENGAL,2006,WEAVING,475716
WEST BENGAL,2006,DETERGENT POWDER,555340
WEST BENGAL,2006,DARI WEAVING,16420
WEST BENGAL,2006,IRONING,6530
WEST BENGAL,2007,INDUSTRIAL,1464370
WEST BENGAL,2007,AGRICULTURE,165384
WEST BENGAL,2007,OIL MILL,2707387
WEST BENGAL,2007,REPAIRING/WELDING,969511
WEST BENGAL,2007,TAILORING,816019
WEST BENGAL,2007,CARPENTRY,72737
WEST BENGAL,2007,SOAP,638641
WEST BENGAL,2007,PHENYLE,556204
WEST BENGAL,2007,DARI,18983
WEST BENGAL,2007,UMBRELLA MAKING,22468
WEST BENGAL,2007,CANDLES MANUFACTURING,55791
WEST BENGAL,2007,UTENSILS MAKING,298015
WEST BENGAL,2007,FISHICULTURE,944
WEST BENGAL,2007,BAKERY,408521
WEST BENGAL,2008,INDUSTRIAL,1230500
WEST BENGAL,2008,AGRICULTURAL,159470
WEST BENGAL,2008,OIL MILL,780845
WEST BENGAL,2008,REPAIRING/WELDING,67321
WEST BENGAL,2008,TAILORING,705053
WEST BENGAL,2008,CARPENTARY,78777
WEST BENGAL,2008,DETERGENT POWDER,638641
WEST BENGAL,2008,PHENYLE,689475
WEST BENGAL,2008,DARI MAKING,21580
WEST BENGAL,2008,UMBRELLA MAKING,65037
WEST BENGAL,2008,DHOBI SECTION,31000
WEST BENGAL,2008,UTENSILS MAKING,760282
WEST BENGAL,2008,WEAVING,562633
WEST BENGAL,2009,INDUSTRIAL,1525272
WEST BENGAL,2009,AGRICULTURE,200083
WEST BENGAL,2009,TAILORING,766667
WEST BENGAL,2009,CARPENTARY,227705
WEST BENGAL,2009,DETERGENT POWDER,640550
WEST BENGAL,2009,PHENYLE MAKING,584220
WEST BENGAL,2009,DARI MAKING,22690
WEST BENGAL,2009,UMBRELLA MAKING,18729
WEST BENGAL,2009,WELDING,443517
WEST BENGAL,2009,CANDLES MANUFACTURING,30710
WEST BENGAL,2010,INDUSTRIAL AND MD,1516194
WEST BENGAL,2010,AGRICULTURE,282739
WEST BENGAL,2010,TAILORING,526156
WEST BENGAL,2010,CARPENTARY,73213
WEST BENGAL,2010,DETERGENT POWDER,568391
WEST BENGAL,2010,PHENYLE MAKING,536633
WEST BENGAL,2010,DARI MAKING,19206
WEST BENGAL,2010,UMBRELLA MAKING,15051
WEST BENGAL,2010,WELDING,329324
WEST BENGAL,2010,CANDLES MANUFACTURING,68250
WEST BENGAL,2010,WIRING,500743
WEST BENGAL,2011,INDUSTRIAL MANUFACTURE,2257899
WEST BENGAL,2011,AGRICULTURE,785142
WEST BENGAL,2011,TAILORING,83362.71
WEST BENGAL,2011,CARPENTRY,5668
WEST BENGAL,2011,PHENYLE MAKING,67200
WEST BENGAL,2011,WELDING,340490
WEST BENGAL,2011,CANDLES MANUFACTURING,33845
WEST BENGAL,2011,TIN FABRICATION,488399.97
WEST BENGAL,2011,BREAD UNIT,266547.33
WEST BENGAL,2011,ALUMINIUM UTENSILS SECTION,326358
WEST BENGAL,2011,WHEAT GRINDING,58563
WEST BENGAL,2011,OIL MILL SECTION,889190
WEST BENGAL,2011,MISCELLANEOUS ARTICLES,211176.2
WEST BENGAL,2012,INDUSTRIAL MANUFACTURE,2343080
WEST BENGAL,2012,AGRICULTURE,275351
WEST BENGAL,2012,TAILORING,47538
WEST BENGAL,2012,JUTE HANDICRAFTS,76140
WEST BENGAL,2012,PHENYLE PRODUCTION,298500
WEST BENGAL,2012,GRINDING OF WHEAT,263529
WEST BENGAL,2012,CANDLES MANUFACTURING,52425
WEST BENGAL,2012,OIL MILL SECTION,1025793
WEST BENGAL,2012,WELDING SECTION,199827
WEST BENGAL,2012,TIN FABRICATION,316030
WEST BENGAL,2012,BREAD UNIT,219751
WEST BENGAL,2012,ALUMINIUM UTENSILS SECTION,582552
WEST BENGAL,2012,MISCELLANEOUS SECTION,208692
A & N ISLANDS,2001,"CANE, BAMBOO & WOODEN",119080
A & N ISLANDS,2001,CLOTHS,62253
A & N ISLANDS,2001,VEGETABLES,25400
A & N ISLANDS,2002,"CANE, BAMBOO & WOODEN",169338
A & N ISLANDS,2002,CLOTHS,63553
A & N ISLANDS,2002,VEGETABLES,49814
A & N ISLANDS,2003,AGRICULTURE,50000
A & N ISLANDS,2003,INDUSTRIAL,201000
A & N ISLANDS,2004,AGRICULTURAL,48000
A & N ISLANDS,2004,INDUSTRIAL,280000
A & N ISLANDS,2005,AGRICULTURE,29210
A & N ISLANDS,2005,INDUSTRIAL,305800
A & N ISLANDS,2006,AGRICULTURAL,24749.61
A & N ISLANDS,2006,INDUSTRIAL,123915
A & N ISLANDS,2007,AGRICULTURE,38190
A & N ISLANDS,2007,INDUSTRIAL,186628
A & N ISLANDS,2008,AGRICULTURAL,36687
A & N ISLANDS,2008,INDUSTRIAL,166770
A & N ISLANDS,2009,AGRICULTURAL,19539
A & N ISLANDS,2009,INDUSTRIAL,97048
A & N ISLANDS,2010,AGRICULTURAL,4508
A & N ISLANDS,2010,INDUSTRIAL,35402
A & N ISLANDS,2011,AGRICULTURAL,0
A & N ISLANDS,2011,INDUSTRIAL,26656
A & N ISLANDS,2012,AGRICULTURAL,0
A & N ISLANDS,2012,INDUSTRIAL,92436
CHANDIGARH,2001,CARPENTRY,904000
CHANDIGARH,2001,CANNING,75000
CHANDIGARH,2001,WELDING,40000
CHANDIGARH,2001,GARDENING,126000
CHANDIGARH,2001,POLISHING,105000
CHANDIGARH,2002,CARPENTRY,913000
CHANDIGARH,2002,CANNING,86000
CHANDIGARH,2002,WELDING,55030
CHANDIGARH,2002,POLISHING,90000
CHANDIGARH,2002,GARDENING,181044
CHANDIGARH,2003,CARPENTRY,780676
CHANDIGARH,2003,CANNING,66200
CHANDIGARH,2003,WELDING,25500
CHANDIGARH,2003,POLISHING,68500
CHANDIGARH,2003,GARDENING,39348
CHANDIGARH,2004,CARPENTRY,268500
CHANDIGARH,2004,CANNING,30000
CHANDIGARH,2004,WELDING,22500
CHANDIGARH,2004,POLISHING,30900
CHANDIGARH,2004,GARDENING,67000
CHANDIGARH,2005,CARPENTRY,439500
CHANDIGARH,2005,CANNING,55000
CHANDIGARH,2005,WELDING,51281
CHANDIGARH,2005,POLISHING,74500
CHANDIGARH,2005,GARDEN,139128
CHANDIGARH,2006,CARPENTRY,711723
CHANDIGARH,2006,CANNING,60120
CHANDIGARH,2006,WELDING,15250
CHANDIGARH,2006,POLISHING,49750
CHANDIGARH,2006,GARDENING,125000
CHANDIGARH,2007,CARPENTRY,555643
CHANDIGARH,2007,CANNING,60200
CHANDIGARH,2007,WELDING,55800
CHANDIGARH,2007,POLISHING,38220
CHANDIGARH,2007,GARDENING,26500
CHANDIGARH,2008,CARPENTARY,402168
CHANDIGARH,2008,CANNING,150000
CHANDIGARH,2008,WELDING,80000
CHANDIGARH,2008,POLISHING,74000
CHANDIGARH,2008,GARDENING,5550
CHANDIGARH,2009,CARPENTRY,512000
CHANDIGARH,2009,CANNING,78602
CHANDIGARH,2009,WELDING,205000
CHANDIGARH,2009,POLISHING,200000
CHANDIGARH,2009,GARDENING,236000
CHANDIGARH,2010,CARPENTRY,4650000
CHANDIGARH,2010,CANNING,180000
CHANDIGARH,2010,WELDING,5000168
CHANDIGARH,2010,POLISHING,400000
CHANDIGARH,2010,GARDENING,260031
CHANDIGARH,2011,CARPENTRY,2842200
CHANDIGARH,2011,CANNING,475000
CHANDIGARH,2011,WELDING,3515750
CHANDIGARH,2011,POLISHING,568679
CHANDIGARH,2011,GARDENING,140504
CHANDIGARH,2012,"CARPENTRY, CANNING, WELDING",15869235
CHANDIGARH,2012,FARMING,141148
D & N HAVELI,2009,NIL,0
D & N HAVELI,2010,NIL,0
D & N HAVELI,2012,NIL,0
DAMAN & DIU,2009,NIL,0
DAMAN & DIU,2010,NIL,0
DAMAN & DIU,2012,NIL,0
DELHI,2001,FACTORY SALE,11116255
DELHI,2001,BAKERY,3945309
DELHI,2002,CARPENTRY,17334543
DELHI,2002,WEAVING,1685280
DELHI,2002,TAILORING,1603311
DELHI,2002,PAPER UNIT,969319.46
DELHI,2002,CHEMICAL,5357810
DELHI,2002,BAKERY,6545350.5
DELHI,2003,CARPENTRY,6976748
DELHI,2003,WEAVING,2394780
DELHI,2003,TAILORING,1504234
DELHI,2003,PAPER UNIT,932969
DELHI,2003,CHEMICAL,5274994
DELHI,2003,BAKERY,8103476
DELHI,2006,INDUSTRIAL,28390816
DELHI,2007,CARPENTRY,20803897
DELHI,2007,CHEMICAL UNIT,9453873
DELHI,2007,PAPER UNIT,1914809
DELHI,2007,TAILORING,1665585
DELHI,2007,WEAVING,1644961
DELHI,2007,BAKERY,10799871
DELHI,2008,CARPENTARY,31373478
DELHI,2008,CHEMICAL UNIT,10124315
DELHI,2008,PAPER UNIT,1867924
DELHI,2008,TAILORING,1942888
DELHI,2008,WEAVING,4954857
DELHI,2008,BAKERY,12445945
DELHI,2009,CARPENTRY UNIT,66374973
DELHI,2009,CHEMICAL UNIT,13563803
DELHI,2009,PAPER UNIT,1980711
DELHI,2009,TAILORING UNIT,2152707
DELHI,2009,WEAVING UNIT,1923435
DELHI,2009,BAKERY,17989735
DELHI,2010,CARPENTRY UNIT,106460041
DELHI,2010,CHEMICAL UNIT,11420517
DELHI,2010,PAPER UNIT,3027329
DELHI,2010,TAILORING UNIT,2369065
DELHI,2010,WEAVING UNIT,2509163
DELHI,2010,TIHAR BAKING SCHOOL,22401464
DELHI,2010,SHOE MAKING UNIT,791451
DELHI,2011,CARPENTRY UNIT,36928935.62
DELHI,2011,CHEMICAL UNIT,13436228.55
DELHI,2011,PAPER UNIT,2778637.58
DELHI,2011,TAILORING UNIT,4669617.95
DELHI,2011,WEAVING UNIT,2425337
DELHI,2011,TIHAR BAKING SCHOOL,33038678
DELHI,2011,SHOE MAKING UNIT,1553973
DELHI,2012,CARPENTRY UNIT,199238233
DELHI,2012,CHEMICAL UNIT,18020556
DELHI,2012,PAPER UNIT,8254024
DELHI,2012,TAILORING UNIT,9814623
DELHI,2012,WEAVING UNIT,2485178
DELHI,2012,TIHAR BAKING SCHOOL,48739818
DELHI,2012,SHOE MAKING UNIT,1949053
LAKSHADWEEP,2009,NIL,0
LAKSHADWEEP,2010,NIL,0
LAKSHADWEEP,2012,NIL,0
PONDICHERRY,2001,MAT WEAVING,0
PONDICHERRY,2001,BOOK BINDING,0
PONDICHERRY,2001,TAILORING,0
PONDICHERRY,2001,CARPENTRY,0
PONDICHERRY,2007,WEAVING,0
PONDICHERRY,2007,BOOK BINDING,0
PONDICHERRY,2007,TAILORING,0
PONDICHERRY,2007,CARPENTRY,0
PONDICHERRY,2010,MAT WEAVING,0
PONDICHERRY,2012,NIL,0
Andhra Pradesh,2013,durry unit,6519605
Andhra Pradesh,2013,dying unit,2866635
Andhra Pradesh,2013,tailoring unit,1952381
Andhra Pradesh,2013,soap unit,4702611
Andhra Pradesh,2013,weaving unit,8252040
Andhra Pradesh,2013,steel unit,33069399
Andhra Pradesh,2013,printing press,684288
Andhra Pradesh,2013,phenyle unit,1475098
Andhra Pradesh,2013,agricultural products,2677447
Andhra Pradesh,2013,book binding,72930
Andhra Pradesh,2013,bakery unit,477735
Andhra Pradesh,2013,electrical house/motor wiring,9782
Andhra Pradesh,2013,pillows,206228
Andhra Pradesh,2013,misc,193772
Andhra Pradesh,2013,chalk piece,18617
Andhra Pradesh,2013,candle making,45836
Andhra Pradesh,2013,wooden unit,97245
Andhra Pradesh,2013,Total,63321649
Arunachal Pradesh,2013,nil,0
Arunachal Pradesh,2013,Total,0
Assam,2013,industrial activity,225908
Assam,2013,agriculture activity,435690
Assam,2013,Total,661598
Bihar,2013,jail industries,141919000
Bihar,2013,agriculture,247643
Bihar,2013,agricultural,50441
Bihar,2013,agriculture (bagwani),15854
Bihar,2013,vegetables,30000
Bihar,2013,agriculture (vegetables),25000
Bihar,2013,green vegetables,18000
Bihar,2013,agriculture (bagwani),0
Bihar,2013,vegetables,0
Bihar,2013,green vegetable,0
Bihar,2013,Total,142305938
Chhatisgarh,2013,weaving work,500749
Chhatisgarh,2013,offset and screen printing,9385249
Chhatisgarh,2013,carpentry,4745231
Chhatisgarh,2013,embroidery,17820
Chhatisgarh,2013,bamboo craft,37123
Chhatisgarh,2013,steel work/iron work,1401889
Chhatisgarh,2013,tailoring,1345038
Chhatisgarh,2013,wooden corbing,3307057
Chhatisgarh,2013,soap and phenyl making and washing powde,5147050
Chhatisgarh,2013,spice making,1096211
Chhatisgarh,2013,nylon dori,803
Chhatisgarh,2013,black smith,7565095
Chhatisgarh,2013,garden,2327
Chhatisgarh,2013,kekti work,117042
Chhatisgarh,2013,sewing work,181773
Chhatisgarh,2013,tatpatti,400
Chhatisgarh,2013,chalk,34
Chhatisgarh,2013,Total,34850891
Goa,2013,agriculture,22357
Goa,2013,bakery,196658
Goa,2013,tailoring,36294
Goa,2013,art industry,20000
Goa,2013,Total,275309
Gujarat,2013,industrial,107097344
Gujarat,2013,agricultural,5376440
Gujarat,2013,Total,112473784
Haryana,2013,Agriculture production,5419758
Haryana,2013,Factory production,5284725
Haryana,2013,Total,10704483
Himachal Pradesh,2013,carpentry section,339874
Himachal Pradesh,2013,trailoring section,350661
Himachal Pradesh,2013,weaving section,809160
Himachal Pradesh,2013,Total,1499695
Jammu and Kashmir,2013,sale of embroided bags; candles; bed she,380188
Jammu and Kashmir,2013,dustha,119910
Jammu and Kashmir,2013,bed sheet,121792
Jammu and Kashmir,2013,dustha power loom,34770
Jammu and Kashmir,2013,gumsha towel,16200
Jammu and Kashmir,2013,cotton cloth,131040
Jammu and Kashmir,2013,towel,46968
Jammu and Kashmir,2013,duster,4560
Jammu and Kashmir,2013,cotton cloth,15111
Jammu and Kashmir,2013,blanket check dar,43095
Jammu and Kashmir,2013,dari,19950
Jammu and Kashmir,2013,dari,5600
Jammu and Kashmir,2013,dari,20400
Jammu and Kashmir,2013,embroidery,8568
Jammu and Kashmir,2013,embroidery bed sheet,25520
Jammu and Kashmir,2013,candle,169364
Jammu and Kashmir,2013,bucket,9415
Jammu and Kashmir,2013,tub,1084
Jammu and Kashmir,2013,carpentary,1200
Jammu and Kashmir,2013,Total,1174735
Jharkhand,2013,weaving cloth,4140241
Jharkhand,2013,phenyle,343000
Jharkhand,2013,caustic soap (washing soap),227000
Jharkhand,2013,khapra,8250
Jharkhand,2013,agriculture & gardening,140781
Jharkhand,2013,industrial,7388638
Jharkhand,2013,agriculture,450257
Jharkhand,2013,industrial1,4127340
Jharkhand,2013,agriculture,24090
Jharkhand,2013,manufacturing department,16074119
Jharkhand,2013,agriculture,153120
Jharkhand,2013,cloth,329218
Jharkhand,2013,cocoon reling,57000
Jharkhand,2013,agricultural,89835
Jharkhand,2013,industrial5,704310
Jharkhand,2013,cloth weaving,312887
Jharkhand,2013,gardening,37315
Jharkhand,2013,Total,34607401
Karnataka,2013,agriculture,5646000
Karnataka,2013,industry,12866000
Karnataka,2013,bakery,5764000
Karnataka,2013,dairy farming,1658505
Karnataka,2013,Total,25934505
Kerala,2013,jail manufactory,9940367
Kerala,2013,agriculture,17564389
Kerala,2013,chappathy and food products,222855245
Kerala,2013,cattle and diary products,611785
Kerala,2013,Total,250971786
Madhya Pradesh,2013,small industries,27008733
Madhya Pradesh,2013,agriculture,2724483
Madhya Pradesh,2013,Total,29733216
Maharashtra,2013,industrial,101476788
Maharashtra,2013,agriculture,23329240
Maharashtra,2013,Total,124806028
Manipur,2013,nil,NA
Manipur,2013,Total,NA
Meghalaya,2013,agricultural,10700
Meghalaya,2013,Total,10700
Mizoram,2013,industrial,55500
Mizoram,2013,piggery product,50000
Mizoram,2013,others,31600
Mizoram,2013,Total,137100
Nagaland,2013,bamboo basket,37500
Nagaland,2013,miniature model house nad decorative ite,750000
Nagaland,2013,handicrafts,2500
Nagaland,2013,brooms,550
Nagaland,2013,bamboo plates and cups,2000
Nagaland,2013,bamboo seats (morah),5500
Nagaland,2013,bamboo decorational items,2500
Nagaland,2013,Total,800550
Orissa,2013,agriculture,4470794
Orissa,2013,industrial,4508899
Orissa,2013,Total,8979693
Punjab,2013,agriculture,12567924
Punjab,2013,industrial,27156648
Punjab,2013,Total,39724572
Rajasthan,2013,cloth,1179043
Rajasthan,2013,dari,2401745
Rajasthan,2013,tailoring,1486229
Rajasthan,2013,niwar,4120678
Rajasthan,2013,carpet,64572
Rajasthan,2013,furniture,95198
Rajasthan,2013,black smithy,996001
Rajasthan,2013,other,9588
Rajasthan,2013,Total,10353054
Sikkim,2013,carpentry/carving products,187350
Sikkim,2013,bamboo products,195415
Sikkim,2013,envelope making unit,15260
Sikkim,2013,dairy farm,68022
Sikkim,2013,bakery unit,108789
Sikkim,2013,Total,574836
Tamil Nadu,2013,sealing wax,833000
Tamil Nadu,2013,weaving,43540000
Tamil Nadu,2013,tailoring,2948000
Tamil Nadu,2013,book binding,1526000
Tamil Nadu,2013,boot,14658000
Tamil Nadu,2013,hand made paper,40290000
Tamil Nadu,2013,soap,4129000
Tamil Nadu,2013,aluminium,2037000
Tamil Nadu,2013,black smithy,3128000
Tamil Nadu,2013,tape making,289000
Tamil Nadu,2013,twisted thread,26000
Tamil Nadu,2013,tag,327000
Tamil Nadu,2013,handloom spinning,2281000
Tamil Nadu,2013,rain coat,5967000
Tamil Nadu,2013,mosquito net,2548000
Tamil Nadu,2013,agricultural production in prisons,4828000
Tamil Nadu,2013,Total,129355000
Tripura,2013,industrial,154769
Tripura,2013,agriculture,422619
Tripura,2013,Total,577388
Uttar Pradesh,2013,tent industry,7424807
Uttar Pradesh,2013,blanket industry,3788871
Uttar Pradesh,2013,sewing industry,9550388
Uttar Pradesh,2013,steel industry,319276
Uttar Pradesh,2013,soap phenyl industry,10141370
Uttar Pradesh,2013,powerloom industry,15224577
Uttar Pradesh,2013,other industry,4430079
Uttar Pradesh,2013,agriculture,54881000
Uttar Pradesh,2013,Total,105760368
Uttaranchal,2013,agriculture goods,5617870
Uttaranchal,2013,jobs works,2443798
Uttaranchal,2013,Total,8061668
West Bengal,2013,agricultural production,103630
West Bengal,2013,phenyl and soap production,307960
West Bengal,2013,industrial,2276379
West Bengal,2013,jute handicraft,78280
West Bengal,2013,weaving section,225148
West Bengal,2013,tin (smith) section and fabrication,417027
West Bengal,2013,candle stick making,40265
West Bengal,2013,tailoring section,65345
West Bengal,2013,bread unit,220164
West Bengal,2013,aluminium utensils section,554783
West Bengal,2013,welding section,194116
West Bengal,2013,oil mill section,1024452
West Bengal,2013,miscellaneous article repairing section,210990
West Bengal,2013,Total,5718539
Andaman and Nicobar Islands,2013,agricultural,0
Andaman and Nicobar Islands,2013,industrial,96370
Andaman and Nicobar Islands,2013,Total,96370
Chandigarh,2013,carpentry/canning/welding,19507089
Chandigarh,2013,farming,239004
Chandigarh,2013,Total,19746093
Dadra and Nagar Haveli,2013,nil,NA
Dadra and Nagar Haveli,2013,Total,NA
Daman and Diu,2013,bamboo basket,37500
Daman and Diu,2013,miniature model house nad decorative ite,750000
Daman and Diu,2013,Total,787500
Delhi,2013,carpentry unit,180132075
Delhi,2013,chemical unit,18143111
Delhi,2013,paper unit,13800981
Delhi,2013,tailoring unit,5421955
Delhi,2013,weaving unit,4442346
Delhi,2013,tihar baking school,55415502
Delhi,2013,shoe making unit (wages received),1930048
Delhi,2013,Total,279286018
Lakshadweep,2013,nil,NA
Lakshadweep,2013,Total,NA
Pondicherry,2013,nil,NA
Pondicherry,2013,Total,NA