state_name,year,type,incidence,inmate_injured,jail_personnel_injured,inmate_killed,jail_personnel_killed
Andhra Pradesh,2001,Jail Breaks,0,0,0,0,0
Andhra Pradesh,2001,Clashes/Group Clashes Etc,0,0,0,0,0
Andhra Pradesh,2001,Firings In Jail,0,0,0,0,0
Andhra Pradesh,2002,Jail Breaks,0,0,0,0,0
Andhra Pradesh,2002,Clashes/Group Clashes Etc,0,0,0,0,0
Andhra Pradesh,2002,Firings In Jail,0,0,0,0,0
Andhra Pradesh,2003,Jail Breaks,0,0,0,0,0
Andhra Pradesh,2003,Clashes/Group Clashes Etc,0,0,0,0,0
Andhra Pradesh,2003,Firings In Jail,0,0,0,0,0
Andhra Pradesh,2004,Jail Breaks,0,0,0,0,0
Andhra Pradesh,2004,Clashes/Group Clashes Etc,0,0,0,0,0
Andhra Pradesh,2004,Firings In Jail,0,0,0,0,0
Andhra Pradesh,2005,Jail Breaks,0,0,0,0,0
Andhra Pradesh,2005,Clashes/Group Clashes Etc,0,0,0,0,0
Andhra Pradesh,2005,Firings In Jail,0,0,0,0,0
Andhra Pradesh,2006,Jail Breaks,0,0,0,0,0
Andhra Pradesh,2006,Clashes/Group Clashes Etc,0,0,0,0,0
Andhra Pradesh,2006,Firings In Jail,0,0,0,0,0
Andhra Pradesh,2007,Jail Breaks,0,0,0,0,0
Andhra Pradesh,2007,Clashes/Group Clashes Etc,0,0,0,0,0
Andhra Pradesh,2007,Firings In Jail,0,0,0,0,0
Andhra Pradesh,2008,Jail Breaks,0,0,0,0,0
Andhra Pradesh,2008,Clashes/Group Clashes Etc,0,0,0,0,0
Andhra Pradesh,2008,Firings In Jail,0,0,0,0,0
Andhra Pradesh,2009,Jail Breaks,0,0,0,0,0
Andhra Pradesh,2009,Clashes/Group Clashes Etc,0,0,0,0,0
Andhra Pradesh,2009,Firings In Jail,0,0,0,0,0
Andhra Pradesh,2010,Jail Breaks,0,0,0,0,0
Andhra Pradesh,2010,Clashes/Group Clashes Etc,0,0,0,0,0
Andhra Pradesh,2010,Firings In Jail,0,0,0,0,0
Andhra Pradesh,2011,Jail Breaks,0,0,0,0,0
Andhra Pradesh,2011,Clashes/Group Clashes Etc,0,0,0,0,0
Andhra Pradesh,2011,Firings In Jail,0,0,0,0,0
Andhra Pradesh,2012,Jail Breaks,0,0,0,0,0
Andhra Pradesh,2012,Clashes/Group Clashes Etc,0,0,0,0,0
Andhra Pradesh,2012,Firings In Jail,0,0,0,0,0
Arunachal Pradesh,2009,Jail Breaks,0,0,0,0,0
Arunachal Pradesh,2009,Clashes/Group Clashes Etc,0,0,0,0,0
Arunachal Pradesh,2009,Firings In Jail,0,0,0,0,0
Arunachal Pradesh,2010,Jail Breaks,0,0,0,0,0
Arunachal Pradesh,2010,Clashes/Group Clashes Etc,0,0,0,0,0
Arunachal Pradesh,2010,Firings In Jail,0,0,0,0,0
Arunachal Pradesh,2011,Jail Breaks,0,0,0,0,0
Arunachal Pradesh,2011,Clashes/Group Clashes Etc,0,0,0,0,0
Arunachal Pradesh,2011,Firings In Jail,0,0,0,0,0
Arunachal Pradesh,2012,Jail Breaks,0,0,0,0,0
Arunachal Pradesh,2012,Clashes/Group Clashes Etc,0,0,0,0,0
Arunachal Pradesh,2012,Firings In Jail,0,0,0,0,0
Assam,2001,Jail Breaks,0,0,0,0,0
Assam,2001,Clashes/Group Clashes Etc,0,0,0,0,0
Assam,2001,Firings In Jail,0,0,0,0,0
Assam,2002,Jail Breaks,0,0,0,0,0
Assam,2002,Clashes/Group Clashes Etc,0,0,0,0,0
Assam,2002,Firings In Jail,0,0,0,0,0
Assam,2003,Jail Breaks,0,0,0,0,0
Assam,2003,Clashes/Group Clashes Etc,0,0,0,0,0
Assam,2003,Firings In Jail,0,0,0,0,0
Assam,2004,Jail Breaks,0,0,0,0,0
Assam,2004,Clashes/Group Clashes Etc,0,0,0,0,0
Assam,2004,Firings In Jail,0,0,0,0,0
Assam,2005,Jail Breaks,0,0,0,0,0
Assam,2005,Clashes/Group Clashes Etc,0,0,0,0,0
Assam,2005,Firings In Jail,0,0,0,0,0
Assam,2006,Jail Breaks,0,0,0,0,0
Assam,2006,Clashes/Group Clashes Etc,0,0,0,0,0
Assam,2006,Firings In Jail,0,0,0,0,0
Assam,2007,Jail Breaks,0,0,0,0,0
Assam,2007,Clashes/Group Clashes Etc,0,0,0,0,0
Assam,2007,Firings In Jail,0,0,0,0,0
Assam,2008,Jail Breaks,0,0,0,0,0
Assam,2008,Clashes/Group Clashes Etc,0,0,0,0,0
Assam,2008,Firings In Jail,0,0,0,0,0
Assam,2009,Jail Breaks,0,0,0,0,0
Assam,2009,Clashes/Group Clashes Etc,0,0,0,0,0
Assam,2009,Firings In Jail,0,0,0,0,0
Assam,2010,Jail Breaks,0,0,0,0,0
Assam,2010,Clashes/Group Clashes Etc,0,0,0,0,0
Assam,2010,Firings In Jail,0,0,0,0,0
Assam,2011,Jail Breaks,0,0,0,0,0
Assam,2011,Clashes/Group Clashes Etc,0,0,0,0,0
Assam,2011,Firings In Jail,0,0,0,0,0
Assam,2012,Jail Breaks,0,0,0,0,0
Assam,2012,Clashes/Group Clashes Etc,0,0,0,0,0
Assam,2012,Firings In Jail,0,0,0,0,0
Bihar,2001,Jail Breaks,8,4,0,0,1
Bihar,2001,Clashes/Group Clashes Etc,113,59,9,2,0
Bihar,2001,Firings In Jail,0,0,0,0,0
Bihar,2002,Jail Breaks,10,0,0,0,0
Bihar,2002,Clashes/Group Clashes Etc,28,84,10,0,0
Bihar,2002,Firings In Jail,1,8,0,6,0
Bihar,2003,Jail Breaks,4,0,0,0,0
Bihar,2003,Clashes/Group Clashes Etc,29,39,2,1,0
Bihar,2003,Firings In Jail,1,0,0,0,0
Bihar,2004,Jail Breaks,0,0,0,0,0
Bihar,2004,Clashes/Group Clashes Etc,5,3,1,0,0
Bihar,2004,Firings In Jail,0,0,0,0,0
Bihar,2005,Jail Breaks,1,5,2,1,2
Bihar,2005,Clashes/Group Clashes Etc,14,46,5,0,0
Bihar,2005,Firings In Jail,0,0,0,0,0
Bihar,2006,Jail Breaks,0,0,0,0,0
Bihar,2006,Clashes/Group Clashes Etc,17,40,0,0,0
Bihar,2006,Firings In Jail,0,0,0,0,0
Bihar,2007,Jail Breaks,0,0,0,0,0
Bihar,2007,Clashes/Group Clashes Etc,28,61,2,0,0
Bihar,2007,Firings In Jail,0,0,0,0,0
Bihar,2008,Jail Breaks,0,0,0,0,0
Bihar,2008,Clashes/Group Clashes Etc,17,53,5,0,0
Bihar,2008,Firings In Jail,0,0,0,0,0
Bihar,2009,Jail Breaks,0,0,0,0,0
Bihar,2009,Clashes/Group Clashes Etc,15,46,6,0,0
Bihar,2009,Firings In Jail,0,0,0,0,0
Bihar,2010,Jail Breaks,0,0,0,0,0
Bihar,2010,Clashes/Group Clashes Etc,13,40,5,0,0
Bihar,2010,Firings In Jail,0,0,0,0,0
Bihar,2011,Jail Breaks,0,0,0,0,0
Bihar,2011,Clashes/Group Clashes Etc,6,16,11,0,0
Bihar,2011,Firings In Jail,0,0,0,0,0
Bihar,2012,Jail Breaks,0,0,0,0,0
Bihar,2012,Clashes/Group Clashes Etc,9,15,2,0,0
Bihar,2012,Firings In Jail,0,0,0,0,0
Chhattisgarh,2012,Jail Breaks,0,0,0,0,0
Chhattisgarh,2012,Clashes/Group Clashes Etc,0,0,0,0,0
Chhattisgarh,2012,Firings In Jail,0,0,0,0,0
Chhattisgarh,2001,Jail Breaks,0,0,0,0,0
Chhattisgarh,2001,Clashes/Group Clashes Etc,0,0,0,0,0
Chhattisgarh,2001,Firings In Jail,0,0,0,0,0
Chhattisgarh,2002,Jail Breaks,0,0,0,0,0
Chhattisgarh,2002,Clashes/Group Clashes Etc,1,16,4,0,0
Chhattisgarh,2002,Firings In Jail,0,0,0,0,0
Chhattisgarh,2003,Jail Breaks,0,0,0,0,0
Chhattisgarh,2003,Clashes/Group Clashes Etc,0,0,0,0,0
Chhattisgarh,2003,Firings In Jail,0,0,0,0,0
Chhattisgarh,2004,Jail Breaks,0,0,0,0,0
Chhattisgarh,2004,Clashes/Group Clashes Etc,0,0,0,0,0
Chhattisgarh,2004,Firings In Jail,0,0,0,0,0
Chhattisgarh,2005,Jail Breaks,0,0,0,0,0
Chhattisgarh,2005,Clashes/Group Clashes Etc,0,0,0,0,0
Chhattisgarh,2005,Firings In Jail,0,0,0,0,0
Chhattisgarh,2006,Jail Breaks,1,3,0,1,0
Chhattisgarh,2006,Clashes/Group Clashes Etc,0,0,0,0,0
Chhattisgarh,2006,Firings In Jail,0,0,0,0,0
Chhattisgarh,2007,Jail Breaks,1,1,2,0,0
Chhattisgarh,2007,Clashes/Group Clashes Etc,3,2,0,0,0
Chhattisgarh,2007,Firings In Jail,1,1,0,0,0
Chhattisgarh,2008,Jail Breaks,0,0,0,0,0
Chhattisgarh,2008,Clashes/Group Clashes Etc,0,0,0,0,0
Chhattisgarh,2008,Firings In Jail,0,0,0,0,0
Chhattisgarh,2009,Jail Breaks,0,0,0,0,0
Chhattisgarh,2009,Clashes/Group Clashes Etc,0,0,0,0,0
Chhattisgarh,2009,Firings In Jail,0,0,0,0,0
Chhattisgarh,2010,Jail Breaks,0,0,0,0,0
Chhattisgarh,2010,Clashes/Group Clashes Etc,0,0,0,0,0
Chhattisgarh,2010,Firings In Jail,0,0,0,0,0
Chhattisgarh,2011,Jail Breaks,0,0,0,0,0
Chhattisgarh,2011,Clashes/Group Clashes Etc,0,0,0,0,0
Chhattisgarh,2011,Firings In Jail,0,0,0,0,0
Goa,2001,Jail Breaks,0,0,0,0,0
Goa,2001,Clashes/Group Clashes Etc,2,2,0,0,0
Goa,2001,Firings In Jail,0,0,0,0,0
Goa,2002,Jail Breaks,0,0,0,0,0
Goa,2002,Clashes/Group Clashes Etc,0,0,0,0,0
Goa,2002,Firings In Jail,0,0,0,0,0
Goa,2003,Jail Breaks,0,0,0,0,0
Goa,2003,Clashes/Group Clashes Etc,0,0,0,0,0
Goa,2003,Firings In Jail,0,0,0,0,0
Goa,2004,Jail Breaks,0,0,0,0,0
Goa,2004,Clashes/Group Clashes Etc,0,0,0,0,0
Goa,2004,Firings In Jail,0,0,0,0,0
Goa,2005,Jail Breaks,2,0,0,0,0
Goa,2005,Clashes/Group Clashes Etc,0,0,0,0,0
Goa,2005,Firings In Jail,0,0,0,0,0
Goa,2006,Jail Breaks,3,0,0,0,0
Goa,2006,Clashes/Group Clashes Etc,0,0,0,0,0
Goa,2006,Firings In Jail,0,0,0,0,0
Goa,2007,Jail Breaks,0,0,0,0,0
Goa,2007,Clashes/Group Clashes Etc,0,0,0,0,0
Goa,2007,Firings In Jail,0,0,0,0,0
Goa,2008,Jail Breaks,0,0,0,0,0
Goa,2008,Clashes/Group Clashes Etc,0,0,0,0,0
Goa,2008,Firings In Jail,0,0,0,0,0
Goa,2009,Jail Breaks,0,0,0,0,0
Goa,2009,Clashes/Group Clashes Etc,0,0,0,0,0
Goa,2009,Firings In Jail,0,0,0,0,0
Goa,2010,Jail Breaks,1,0,0,0,0
Goa,2010,Clashes/Group Clashes Etc,0,0,0,0,0
Goa,2010,Firings In Jail,0,0,0,0,0
Goa,2011,Jail Breaks,0,0,0,0,0
Goa,2011,Clashes/Group Clashes Etc,0,0,0,0,0
Goa,2011,Firings In Jail,0,0,0,0,0
Goa,2012,Jail Breaks,0,0,0,0,0
Goa,2012,Clashes/Group Clashes Etc,0,0,0,0,0
Goa,2012,Firings In Jail,0,0,0,0,0
Gujarat,2001,Jail Breaks,0,0,0,0,0
Gujarat,2001,Clashes/Group Clashes Etc,0,0,0,0,0
Gujarat,2001,Firings In Jail,0,0,0,0,0
Gujarat,2002,Jail Breaks,0,0,0,0,0
Gujarat,2002,Clashes/Group Clashes Etc,0,0,0,0,0
Gujarat,2002,Firings In Jail,0,0,0,0,0
Gujarat,2003,Jail Breaks,0,0,0,0,0
Gujarat,2003,Clashes/Group Clashes Etc,0,0,0,0,0
Gujarat,2003,Firings In Jail,0,0,0,0,0
Gujarat,2004,Jail Breaks,0,0,0,0,0
Gujarat,2004,Clashes/Group Clashes Etc,0,0,0,0,0
Gujarat,2004,Firings In Jail,0,0,0,0,0
Gujarat,2005,Jail Breaks,1,0,0,0,0
Gujarat,2005,Clashes/Group Clashes Etc,1,0,0,1,0
Gujarat,2005,Firings In Jail,0,0,0,0,0
Gujarat,2006,Jail Breaks,0,0,0,0,0
Gujarat,2006,Clashes/Group Clashes Etc,0,0,0,0,0
Gujarat,2006,Firings In Jail,0,0,0,0,0
Gujarat,2007,Jail Breaks,0,0,0,0,0
Gujarat,2007,Clashes/Group Clashes Etc,0,0,0,0,0
Gujarat,2007,Firings In Jail,0,0,0,0,0
Gujarat,2008,Jail Breaks,0,0,0,0,0
Gujarat,2008,Clashes/Group Clashes Etc,1,36,0,0,0
Gujarat,2008,Firings In Jail,0,0,0,0,0
Gujarat,2009,Jail Breaks,0,0,0,0,0
Gujarat,2009,Clashes/Group Clashes Etc,0,0,0,0,0
Gujarat,2009,Firings In Jail,0,0,0,0,0
Gujarat,2010,Jail Breaks,0,0,0,0,0
Gujarat,2010,Clashes/Group Clashes Etc,2,3,0,0,0
Gujarat,2010,Firings In Jail,0,0,0,0,0
Gujarat,2011,Jail Breaks,0,0,0,0,0
Gujarat,2011,Clashes/Group Clashes Etc,1,0,0,0,0
Gujarat,2011,Firings In Jail,0,0,0,0,0
Gujarat,2012,Jail Breaks,0,0,0,0,0
Gujarat,2012,Clashes/Group Clashes Etc,0,0,0,0,0
Gujarat,2012,Firings In Jail,0,0,0,0,0
Haryana,2001,Jail Breaks,0,3,0,0,0
Haryana,2001,Clashes/Group Clashes Etc,22,8,0,0,0
Haryana,2001,Firings In Jail,0,0,0,0,0
Haryana,2002,Jail Breaks,0,0,0,0,0
Haryana,2002,Clashes/Group Clashes Etc,4,6,0,0,0
Haryana,2002,Firings In Jail,0,0,0,0,0
Haryana,2003,Jail Breaks,0,2,0,0,0
Haryana,2003,Clashes/Group Clashes Etc,0,0,0,0,0
Haryana,2003,Firings In Jail,2,2,0,0,0
Haryana,2004,Jail Breaks,0,0,0,0,0
Haryana,2004,Clashes/Group Clashes Etc,0,0,0,0,0
Haryana,2004,Firings In Jail,0,0,0,0,0
Haryana,2005,Jail Breaks,0,0,0,0,0
Haryana,2005,Clashes/Group Clashes Etc,0,0,0,0,0
Haryana,2005,Firings In Jail,0,0,0,0,0
Haryana,2006,Jail Breaks,0,0,0,0,0
Haryana,2006,Clashes/Group Clashes Etc,0,0,0,0,0
Haryana,2006,Firings In Jail,0,0,0,0,0
Haryana,2007,Jail Breaks,0,0,0,0,0
Haryana,2007,Clashes/Group Clashes Etc,0,0,0,0,0
Haryana,2007,Firings In Jail,0,0,0,0,0
Haryana,2008,Jail Breaks,0,0,0,0,0
Haryana,2008,Clashes/Group Clashes Etc,0,0,0,0,0
Haryana,2008,Firings In Jail,0,0,0,0,0
Haryana,2009,Jail Breaks,0,0,0,0,0
Haryana,2009,Clashes/Group Clashes Etc,2,6,0,0,0
Haryana,2009,Firings In Jail,0,0,0,0,0
Haryana,2010,Jail Breaks,0,0,0,0,0
Haryana,2010,Clashes/Group Clashes Etc,0,0,0,0,0
Haryana,2010,Firings In Jail,0,0,0,0,0
Haryana,2011,Jail Breaks,0,0,0,0,0
Haryana,2011,Clashes/Group Clashes Etc,2,2,0,0,0
Haryana,2011,Firings In Jail,0,0,0,0,0
Haryana,2012,Jail Breaks,1,0,0,0,0
Haryana,2012,Clashes/Group Clashes Etc,13,15,0,0,0
Haryana,2012,Firings In Jail,0,0,0,0,0
Himachal Pradesh,2001,Jail Breaks,0,0,0,0,0
Himachal Pradesh,2001,Clashes/Group Clashes Etc,0,0,0,0,0
Himachal Pradesh,2001,Firings In Jail,0,0,0,0,0
Himachal Pradesh,2002,Jail Breaks,3,3,0,0,0
Himachal Pradesh,2002,Clashes/Group Clashes Etc,4,8,0,0,0
Himachal Pradesh,2002,Firings In Jail,0,0,0,0,0
Himachal Pradesh,2003,Jail Breaks,0,0,0,0,0
Himachal Pradesh,2003,Clashes/Group Clashes Etc,12,3,7,0,0
Himachal Pradesh,2003,Firings In Jail,0,0,0,0,0
Himachal Pradesh,2004,Jail Breaks,1,0,0,0,0
Himachal Pradesh,2004,Clashes/Group Clashes Etc,0,0,0,0,0
Himachal Pradesh,2004,Firings In Jail,0,0,0,0,0
Himachal Pradesh,2005,Jail Breaks,1,0,0,0,0
Himachal Pradesh,2005,Clashes/Group Clashes Etc,0,0,0,0,0
Himachal Pradesh,2005,Firings In Jail,0,0,0,0,0
Himachal Pradesh,2006,Jail Breaks,0,0,0,0,0
Himachal Pradesh,2006,Clashes/Group Clashes Etc,0,0,0,0,0
Himachal Pradesh,2006,Firings In Jail,0,0,0,0,0
Himachal Pradesh,2007,Jail Breaks,0,0,0,0,0
Himachal Pradesh,2007,Clashes/Group Clashes Etc,0,0,0,0,0
Himachal Pradesh,2007,Firings In Jail,0,0,0,0,0
Himachal Pradesh,2008,Jail Breaks,0,0,0,0,0
Himachal Pradesh,2008,Clashes/Group Clashes Etc,0,0,0,0,0
Himachal Pradesh,2008,Firings In Jail,0,0,0,0,0
Himachal Pradesh,2009,Jail Breaks,0,0,0,0,0
Himachal Pradesh,2009,Clashes/Group Clashes Etc,0,0,0,0,0
Himachal Pradesh,2009,Firings In Jail,0,0,0,0,0
Himachal Pradesh,2010,Jail Breaks,0,0,0,0,0
Himachal Pradesh,2010,Clashes/Group Clashes Etc,0,0,0,0,0
Himachal Pradesh,2010,Firings In Jail,0,0,0,0,0
Himachal Pradesh,2011,Jail Breaks,0,0,0,0,0
Himachal Pradesh,2011,Clashes/Group Clashes Etc,0,0,0,0,0
Himachal Pradesh,2011,Firings In Jail,0,0,0,0,0
Himachal Pradesh,2012,Jail Breaks,0,0,0,0,0
Himachal Pradesh,2012,Clashes/Group Clashes Etc,0,0,0,0,0
Himachal Pradesh,2012,Firings In Jail,0,0,0,0,0
Jammu & Kashmir,2001,Jail Breaks,0,0,0,0,0
Jammu & Kashmir,2001,Clashes/Group Clashes Etc,0,0,0,0,0
Jammu & Kashmir,2001,Firings In Jail,0,0,0,0,0
Jammu & Kashmir,2002,Jail Breaks,0,0,0,0,0
Jammu & Kashmir,2002,Clashes/Group Clashes Etc,0,0,0,0,0
Jammu & Kashmir,2002,Firings In Jail,0,0,0,0,0
Jammu & Kashmir,2003,Jail Breaks,0,0,0,0,0
Jammu & Kashmir,2003,Clashes/Group Clashes Etc,0,0,0,0,0
Jammu & Kashmir,2003,Firings In Jail,0,0,0,0,0
Jammu & Kashmir,2004,Jail Breaks,0,0,0,0,0
Jammu & Kashmir,2004,Clashes/Group Clashes Etc,0,0,0,0,0
Jammu & Kashmir,2004,Firings In Jail,0,0,0,0,0
Jammu & Kashmir,2005,Jail Breaks,0,0,0,0,0
Jammu & Kashmir,2005,Clashes/Group Clashes Etc,0,0,0,0,0
Jammu & Kashmir,2005,Firings In Jail,0,0,0,0,0
Jammu & Kashmir,2006,Jail Breaks,0,0,0,0,0
Jammu & Kashmir,2006,Clashes/Group Clashes Etc,1,51,4,0,0
Jammu & Kashmir,2006,Firings In Jail,0,0,0,0,0
Jammu & Kashmir,2007,Jail Breaks,0,0,0,0,0
Jammu & Kashmir,2007,Clashes/Group Clashes Etc,0,0,0,0,0
Jammu & Kashmir,2007,Firings In Jail,0,0,0,0,0
Jammu & Kashmir,2008,Jail Breaks,0,0,0,0,0
Jammu & Kashmir,2008,Clashes/Group Clashes Etc,0,0,0,0,0
Jammu & Kashmir,2008,Firings In Jail,0,0,0,0,0
Jammu & Kashmir,2009,Jail Breaks,0,0,0,0,0
Jammu & Kashmir,2009,Clashes/Group Clashes Etc,0,0,0,0,0
Jammu & Kashmir,2009,Firings In Jail,0,0,0,0,0
Jammu & Kashmir,2010,Jail Breaks,0,0,0,0,0
Jammu & Kashmir,2010,Clashes/Group Clashes Etc,0,0,0,0,0
Jammu & Kashmir,2010,Firings In Jail,0,0,0,0,0
Jammu & Kashmir,2011,Jail Breaks,0,0,0,0,0
Jammu & Kashmir,2011,Clashes/Group Clashes Etc,0,0,0,0,0
Jammu & Kashmir,2011,Firings In Jail,0,0,0,0,0
Jammu & Kashmir,2012,Jail Breaks,0,0,0,0,0
Jammu & Kashmir,2012,Clashes/Group Clashes Etc,1,1,0,0,0
Jammu & Kashmir,2012,Firings In Jail,0,0,0,0,0
Jharkhand,2001,Jail Breaks,2,0,0,0,0
Jharkhand,2001,Clashes/Group Clashes Etc,1,3,0,0,0
Jharkhand,2001,Firings In Jail,0,0,0,0,0
Jharkhand,2002,Jail Breaks,0,0,0,0,0
Jharkhand,2002,Clashes/Group Clashes Etc,0,0,0,0,0
Jharkhand,2002,Firings In Jail,0,0,0,0,0
Jharkhand,2003,Jail Breaks,1,3,0,0,0
Jharkhand,2003,Clashes/Group Clashes Etc,0,0,0,0,0
Jharkhand,2003,Firings In Jail,0,0,0,0,0
Jharkhand,2004,Jail Breaks,0,0,0,0,0
Jharkhand,2004,Clashes/Group Clashes Etc,0,0,0,0,0
Jharkhand,2004,Firings In Jail,0,0,0,0,0
Jharkhand,2005,Jail Breaks,2,11,0,0,0
Jharkhand,2005,Clashes/Group Clashes Etc,0,0,0,0,0
Jharkhand,2005,Firings In Jail,0,0,0,0,0
Jharkhand,2006,Jail Breaks,0,0,0,0,0
Jharkhand,2006,Clashes/Group Clashes Etc,3,7,0,0,0
Jharkhand,2006,Firings In Jail,0,0,0,0,0
Jharkhand,2007,Jail Breaks,1,14,1,0,0
Jharkhand,2007,Clashes/Group Clashes Etc,0,0,0,0,0
Jharkhand,2007,Firings In Jail,1,0,1,0,0
Jharkhand,2008,Jail Breaks,0,0,0,0,0
Jharkhand,2008,Clashes/Group Clashes Etc,0,0,0,0,0
Jharkhand,2008,Firings In Jail,0,0,0,0,0
Jharkhand,2009,Jail Breaks,0,0,0,0,0
Jharkhand,2009,Clashes/Group Clashes Etc,1,0,1,2,0
Jharkhand,2009,Firings In Jail,0,0,0,0,0
Jharkhand,2010,Jail Breaks,0,0,0,0,0
Jharkhand,2010,Clashes/Group Clashes Etc,0,0,0,0,0
Jharkhand,2010,Firings In Jail,0,0,0,0,0
Jharkhand,2011,Jail Breaks,0,0,0,0,0
Jharkhand,2011,Clashes/Group Clashes Etc,0,0,0,0,0
Jharkhand,2011,Firings In Jail,0,0,0,0,0
Jharkhand,2012,Jail Breaks,0,0,0,0,0
Jharkhand,2012,Clashes/Group Clashes Etc,0,0,0,0,0
Jharkhand,2012,Firings In Jail,0,0,0,0,0
Karnataka,2001,Jail Breaks,0,0,0,0,0
Karnataka,2001,Clashes/Group Clashes Etc,2,12,1,0,0
Karnataka,2001,Firings In Jail,0,0,0,0,0
Karnataka,2002,Jail Breaks,0,0,0,0,0
Karnataka,2002,Clashes/Group Clashes Etc,2,0,2,0,0
Karnataka,2002,Firings In Jail,0,0,0,0,0
Karnataka,2003,Jail Breaks,0,0,0,0,0
Karnataka,2003,Clashes/Group Clashes Etc,0,0,0,0,0
Karnataka,2003,Firings In Jail,0,0,0,0,0
Karnataka,2004,Jail Breaks,0,0,0,0,0
Karnataka,2004,Clashes/Group Clashes Etc,0,0,0,0,0
Karnataka,2004,Firings In Jail,0,0,0,0,0
Karnataka,2005,Jail Breaks,0,0,0,0,0
Karnataka,2005,Clashes/Group Clashes Etc,0,0,0,0,0
Karnataka,2005,Firings In Jail,0,0,0,0,0
Karnataka,2006,Jail Breaks,0,0,0,0,0
Karnataka,2006,Clashes/Group Clashes Etc,1,2,0,1,0
Karnataka,2006,Firings In Jail,0,0,0,0,0
Karnataka,2007,Jail Breaks,1,6,3,0,0
Karnataka,2007,Clashes/Group Clashes Etc,0,0,0,0,0
Karnataka,2007,Firings In Jail,0,0,0,0,0
Karnataka,2008,Jail Breaks,0,0,0,0,0
Karnataka,2008,Clashes/Group Clashes Etc,0,0,0,0,0
Karnataka,2008,Firings In Jail,0,0,0,0,0
Karnataka,2009,Jail Breaks,0,0,0,0,0
Karnataka,2009,Clashes/Group Clashes Etc,0,0,0,0,0
Karnataka,2009,Firings In Jail,0,0,0,0,0
Karnataka,2010,Jail Breaks,0,0,0,0,0
Karnataka,2010,Clashes/Group Clashes Etc,0,0,0,0,0
Karnataka,2010,Firings In Jail,0,0,0,0,0
Karnataka,2011,Jail Breaks,0,0,0,0,0
Karnataka,2011,Clashes/Group Clashes Etc,1,0,0,1,0
Karnataka,2011,Firings In Jail,0,0,0,0,0
Karnataka,2012,Jail Breaks,0,0,0,0,0
Karnataka,2012,Clashes/Group Clashes Etc,0,0,0,0,0
Karnataka,2012,Firings In Jail,0,0,0,0,0
Kerala,2001,Jail Breaks,0,0,0,0,0
Kerala,2001,Clashes/Group Clashes Etc,0,0,0,0,0
Kerala,2001,Firings In Jail,0,0,0,0,0
Kerala,2002,Jail Breaks,0,0,0,0,0
Kerala,2002,Clashes/Group Clashes Etc,0,0,0,0,0
Kerala,2002,Firings In Jail,0,0,0,0,0
Kerala,2003,Jail Breaks,0,0,0,0,0
Kerala,2003,Clashes/Group Clashes Etc,0,0,0,0,0
Kerala,2003,Firings In Jail,0,0,0,0,0
Kerala,2004,Jail Breaks,0,0,0,0,0
Kerala,2004,Clashes/Group Clashes Etc,1,0,0,1,0
Kerala,2004,Firings In Jail,0,0,0,0,0
Kerala,2005,Jail Breaks,0,0,0,0,0
Kerala,2005,Clashes/Group Clashes Etc,0,0,0,0,0
Kerala,2005,Firings In Jail,0,0,0,0,0
Kerala,2006,Jail Breaks,0,0,0,0,0
Kerala,2006,Clashes/Group Clashes Etc,1,2,1,0,0
Kerala,2006,Firings In Jail,0,0,0,0,0
Kerala,2007,Jail Breaks,0,0,0,0,0
Kerala,2007,Clashes/Group Clashes Etc,0,0,0,0,0
Kerala,2007,Firings In Jail,0,0,0,0,0
Kerala,2008,Jail Breaks,0,0,0,0,0
Kerala,2008,Clashes/Group Clashes Etc,3,9,0,0,0
Kerala,2008,Firings In Jail,0,0,0,0,0
Kerala,2009,Jail Breaks,0,0,0,0,0
Kerala,2009,Clashes/Group Clashes Etc,3,7,0,0,0
Kerala,2009,Firings In Jail,0,0,0,0,0
Kerala,2010,Jail Breaks,0,0,0,0,0
Kerala,2010,Clashes/Group Clashes Etc,0,0,0,0,0
Kerala,2010,Firings In Jail,0,0,0,0,0
Kerala,2011,Jail Breaks,0,0,0,0,0
Kerala,2011,Clashes/Group Clashes Etc,0,0,0,0,0
Kerala,2011,Firings In Jail,0,0,0,0,0
Kerala,2012,Jail Breaks,0,0,0,0,0
Kerala,2012,Clashes/Group Clashes Etc,8,0,1,0,0
Kerala,2012,Firings In Jail,0,0,0,0,0
Madhya Pradesh,2001,Jail Breaks,2,1,0,0,0
Madhya Pradesh,2001,Clashes/Group Clashes Etc,12,45,10,0,0
Madhya Pradesh,2001,Firings In Jail,0,0,0,0,0
Madhya Pradesh,2002,Jail Breaks,18,24,1,0,0
Madhya Pradesh,2002,Clashes/Group Clashes Etc,0,0,0,0,0
Madhya Pradesh,2002,Firings In Jail,0,0,0,0,0
Madhya Pradesh,2003,Jail Breaks,0,0,0,0,0
Madhya Pradesh,2003,Clashes/Group Clashes Etc,5,16,3,0,0
Madhya Pradesh,2003,Firings In Jail,0,0,0,0,0
Madhya Pradesh,2004,Jail Breaks,2,0,0,0,0
Madhya Pradesh,2004,Clashes/Group Clashes Etc,0,0,0,0,0
Madhya Pradesh,2004,Firings In Jail,0,0,0,0,0
Madhya Pradesh,2005,Jail Breaks,0,0,0,0,0
Madhya Pradesh,2005,Clashes/Group Clashes Etc,1,0,0,1,0
Madhya Pradesh,2005,Firings In Jail,0,0,0,0,0
Madhya Pradesh,2006,Jail Breaks,1,1,0,0,0
Madhya Pradesh,2006,Clashes/Group Clashes Etc,2,28,6,0,0
Madhya Pradesh,2006,Firings In Jail,0,0,0,0,0
Madhya Pradesh,2007,Jail Breaks,0,0,0,0,0
Madhya Pradesh,2007,Clashes/Group Clashes Etc,4,20,5,0,0
Madhya Pradesh,2007,Firings In Jail,0,0,0,0,0
Madhya Pradesh,2008,Jail Breaks,0,0,0,0,0
Madhya Pradesh,2008,Clashes/Group Clashes Etc,6,45,9,2,0
Madhya Pradesh,2008,Firings In Jail,0,0,0,0,0
Madhya Pradesh,2009,Jail Breaks,0,0,0,0,0
Madhya Pradesh,2009,Clashes/Group Clashes Etc,4,28,6,0,0
Madhya Pradesh,2009,Firings In Jail,0,0,0,0,0
Madhya Pradesh,2010,Jail Breaks,0,0,0,0,0
Madhya Pradesh,2010,Clashes/Group Clashes Etc,0,0,0,0,0
Madhya Pradesh,2010,Firings In Jail,0,0,0,0,0
Madhya Pradesh,2011,Jail Breaks,1,0,2,0,0
Madhya Pradesh,2011,Clashes/Group Clashes Etc,0,0,0,0,0
Madhya Pradesh,2011,Firings In Jail,0,0,0,0,0
Madhya Pradesh,2012,Jail Breaks,1,0,0,0,0
Madhya Pradesh,2012,Clashes/Group Clashes Etc,2,2,0,0,0
Madhya Pradesh,2012,Firings In Jail,0,0,0,0,0
Maharashtra,2001,Jail Breaks,0,0,0,0,0
Maharashtra,2001,Clashes/Group Clashes Etc,35,27,0,0,0
Maharashtra,2001,Firings In Jail,0,0,0,0,0
Maharashtra,2002,Jail Breaks,0,0,0,0,0
Maharashtra,2002,Clashes/Group Clashes Etc,32,13,2,0,0
Maharashtra,2002,Firings In Jail,0,0,0,0,0
Maharashtra,2003,Jail Breaks,0,0,0,0,0
Maharashtra,2003,Clashes/Group Clashes Etc,22,22,2,0,0
Maharashtra,2003,Firings In Jail,0,0,0,0,0
Maharashtra,2004,Jail Breaks,0,0,0,0,0
Maharashtra,2004,Clashes/Group Clashes Etc,7,6,2,0,0
Maharashtra,2004,Firings In Jail,0,0,0,0,0
Maharashtra,2005,Jail Breaks,0,0,0,0,0
Maharashtra,2005,Clashes/Group Clashes Etc,10,7,2,0,0
Maharashtra,2005,Firings In Jail,0,0,0,0,0
Maharashtra,2006,Jail Breaks,0,0,0,0,0
Maharashtra,2006,Clashes/Group Clashes Etc,21,2,26,0,0
Maharashtra,2006,Firings In Jail,0,0,0,0,0
Maharashtra,2007,Jail Breaks,0,0,0,0,0
Maharashtra,2007,Clashes/Group Clashes Etc,4,3,1,0,0
Maharashtra,2007,Firings In Jail,0,0,0,0,0
Maharashtra,2008,Jail Breaks,0,0,0,0,0
Maharashtra,2008,Clashes/Group Clashes Etc,9,10,1,0,0
Maharashtra,2008,Firings In Jail,0,0,0,0,0
Maharashtra,2009,Jail Breaks,0,0,0,0,0
Maharashtra,2009,Clashes/Group Clashes Etc,1,1,0,0,0
Maharashtra,2009,Firings In Jail,0,0,0,0,0
Maharashtra,2010,Jail Breaks,0,0,0,0,0
Maharashtra,2010,Clashes/Group Clashes Etc,3,3,0,0,0
Maharashtra,2010,Firings In Jail,0,0,0,0,0
Maharashtra,2011,Jail Breaks,0,0,0,0,0
Maharashtra,2011,Clashes/Group Clashes Etc,2,2,0,0,0
Maharashtra,2011,Firings In Jail,0,0,0,0,0
Maharashtra,2012,Jail Breaks,0,0,0,0,0
Maharashtra,2012,Clashes/Group Clashes Etc,6,4,1,1,0
Maharashtra,2012,Firings In Jail,0,0,0,0,0
Manipur,2001,Jail Breaks,0,0,0,0,0
Manipur,2001,Clashes/Group Clashes Etc,0,0,0,0,0
Manipur,2001,Firings In Jail,0,0,0,0,0
Manipur,2002,Jail Breaks,0,0,0,0,0
Manipur,2002,Clashes/Group Clashes Etc,0,0,0,0,0
Manipur,2002,Firings In Jail,0,0,0,0,0
Manipur,2003,Jail Breaks,0,0,0,0,0
Manipur,2003,Clashes/Group Clashes Etc,0,0,0,0,0
Manipur,2003,Firings In Jail,0,0,0,0,0
Manipur,2004,Jail Breaks,0,0,0,0,0
Manipur,2004,Clashes/Group Clashes Etc,0,0,0,0,0
Manipur,2004,Firings In Jail,0,0,0,0,0
Manipur,2005,Jail Breaks,0,0,0,0,0
Manipur,2005,Clashes/Group Clashes Etc,0,0,0,0,0
Manipur,2005,Firings In Jail,0,0,0,0,0
Manipur,2006,Jail Breaks,0,0,0,0,0
Manipur,2006,Clashes/Group Clashes Etc,0,0,0,0,0
Manipur,2006,Firings In Jail,0,0,0,0,0
Manipur,2007,Jail Breaks,0,0,0,0,0
Manipur,2007,Clashes/Group Clashes Etc,0,0,0,0,0
Manipur,2007,Firings In Jail,0,0,0,0,0
Manipur,2008,Jail Breaks,0,0,0,0,0
Manipur,2008,Clashes/Group Clashes Etc,0,0,0,0,0
Manipur,2008,Firings In Jail,0,0,0,0,0
Manipur,2009,Jail Breaks,0,0,0,0,0
Manipur,2009,Clashes/Group Clashes Etc,0,0,0,0,0
Manipur,2009,Firings In Jail,0,0,0,0,0
Manipur,2010,Jail Breaks,0,0,0,0,0
Manipur,2010,Clashes/Group Clashes Etc,0,0,0,0,0
Manipur,2010,Firings In Jail,0,0,0,0,0
Manipur,2011,Jail Breaks,0,0,0,0,0
Manipur,2011,Clashes/Group Clashes Etc,0,0,0,0,0
Manipur,2011,Firings In Jail,0,0,0,0,0
Manipur,2012,Jail Breaks,0,0,0,0,0
Manipur,2012,Clashes/Group Clashes Etc,0,0,0,0,0
Manipur,2012,Firings In Jail,0,0,0,0,0
Meghalaya,2001,Jail Breaks,4,1,1,0,0
Meghalaya,2001,Clashes/Group Clashes Etc,2,5,0,0,0
Meghalaya,2001,Firings In Jail,0,0,0,0,0
Meghalaya,2002,Jail Breaks,0,0,0,0,0
Meghalaya,2002,Clashes/Group Clashes Etc,0,0,0,0,0
Meghalaya,2002,Firings In Jail,0,0,0,0,0
Meghalaya,2003,Jail Breaks,0,0,0,0,0
Meghalaya,2003,Clashes/Group Clashes Etc,1,7,0,0,0
Meghalaya,2003,Firings In Jail,1,0,0,0,0
Meghalaya,2004,Jail Breaks,0,0,0,0,0
Meghalaya,2004,Clashes/Group Clashes Etc,0,0,0,0,0
Meghalaya,2004,Firings In Jail,0,0,0,0,0
Meghalaya,2005,Jail Breaks,0,0,0,0,0
Meghalaya,2005,Clashes/Group Clashes Etc,0,0,0,0,0
Meghalaya,2005,Firings In Jail,0,0,0,0,0
Meghalaya,2006,Jail Breaks,0,0,0,0,0
Meghalaya,2006,Clashes/Group Clashes Etc,0,0,0,0,0
Meghalaya,2006,Firings In Jail,0,0,0,0,0
Meghalaya,2007,Jail Breaks,0,0,0,0,0
Meghalaya,2007,Clashes/Group Clashes Etc,0,0,0,0,0
Meghalaya,2007,Firings In Jail,0,0,0,0,0
Meghalaya,2008,Jail Breaks,1,4,0,0,0
Meghalaya,2008,Clashes/Group Clashes Etc,1,12,3,0,0
Meghalaya,2008,Firings In Jail,0,0,0,0,0
Meghalaya,2009,Jail Breaks,1,0,0,0,0
Meghalaya,2009,Clashes/Group Clashes Etc,0,0,0,0,0
Meghalaya,2009,Firings In Jail,0,0,0,0,0
Meghalaya,2010,Jail Breaks,0,0,0,0,0
Meghalaya,2010,Clashes/Group Clashes Etc,0,0,0,0,0
Meghalaya,2010,Firings In Jail,0,0,0,0,0
Meghalaya,2011,Jail Breaks,0,0,0,0,0
Meghalaya,2011,Clashes/Group Clashes Etc,0,0,0,0,0
Meghalaya,2011,Firings In Jail,0,0,0,0,0
Meghalaya,2012,Jail Breaks,0,0,0,0,0
Meghalaya,2012,Clashes/Group Clashes Etc,0,0,0,0,0
Meghalaya,2012,Firings In Jail,0,0,0,0,0
Mizoram,2001,Jail Breaks,0,0,0,0,0
Mizoram,2001,Clashes/Group Clashes Etc,0,0,0,0,0
Mizoram,2001,Firings In Jail,0,0,0,0,0
Mizoram,2002,Jail Breaks,0,0,0,0,0
Mizoram,2002,Clashes/Group Clashes Etc,0,0,0,0,0
Mizoram,2002,Firings In Jail,0,0,0,0,0
Mizoram,2003,Jail Breaks,0,0,0,0,0
Mizoram,2003,Clashes/Group Clashes Etc,0,0,0,0,0
Mizoram,2003,Firings In Jail,0,0,0,0,0
Mizoram,2004,Jail Breaks,0,0,0,0,0
Mizoram,2004,Clashes/Group Clashes Etc,0,0,0,0,0
Mizoram,2004,Firings In Jail,0,0,0,0,0
Mizoram,2005,Jail Breaks,0,0,0,0,0
Mizoram,2005,Clashes/Group Clashes Etc,0,0,0,0,0
Mizoram,2005,Firings In Jail,0,0,0,0,0
Mizoram,2006,Jail Breaks,0,0,0,0,0
Mizoram,2006,Clashes/Group Clashes Etc,0,0,0,0,0
Mizoram,2006,Firings In Jail,0,0,0,0,0
Mizoram,2007,Jail Breaks,0,0,0,0,0
Mizoram,2007,Clashes/Group Clashes Etc,0,0,0,0,0
Mizoram,2007,Firings In Jail,0,0,0,0,0
Mizoram,2008,Jail Breaks,0,0,0,0,0
Mizoram,2008,Clashes/Group Clashes Etc,0,0,0,0,0
Mizoram,2008,Firings In Jail,0,0,0,0,0
Mizoram,2009,Jail Breaks,0,0,0,0,0
Mizoram,2009,Clashes/Group Clashes Etc,0,0,0,0,0
Mizoram,2009,Firings In Jail,0,0,0,0,0
Mizoram,2010,Jail Breaks,0,0,0,0,0
Mizoram,2010,Clashes/Group Clashes Etc,0,0,0,0,0
Mizoram,2010,Firings In Jail,0,0,0,0,0
Mizoram,2011,Jail Breaks,0,0,0,0,0
Mizoram,2011,Clashes/Group Clashes Etc,0,0,0,0,0
Mizoram,2011,Firings In Jail,0,0,0,0,0
Mizoram,2012,Jail Breaks,1,0,0,0,0
Mizoram,2012,Clashes/Group Clashes Etc,0,0,0,0,0
Mizoram,2012,Firings In Jail,0,0,0,0,0
Nagaland,2001,Jail Breaks,0,0,0,0,0
Nagaland,2001,Clashes/Group Clashes Etc,0,0,0,0,0
Nagaland,2001,Firings In Jail,0,0,0,0,0
Nagaland,2002,Jail Breaks,0,0,0,0,0
Nagaland,2002,Clashes/Group Clashes Etc,0,0,0,0,0
Nagaland,2002,Firings In Jail,0,0,0,0,0
Nagaland,2003,Jail Breaks,0,0,0,0,0
Nagaland,2003,Clashes/Group Clashes Etc,0,0,0,0,0
Nagaland,2003,Firings In Jail,0,0,0,0,0
Nagaland,2004,Jail Breaks,2,11,0,0,0
Nagaland,2004,Clashes/Group Clashes Etc,1,0,0,1,0
Nagaland,2004,Firings In Jail,0,0,0,0,0
Nagaland,2005,Jail Breaks,0,0,0,0,0
Nagaland,2005,Clashes/Group Clashes Etc,0,0,0,0,0
Nagaland,2005,Firings In Jail,0,0,0,0,0
Nagaland,2006,Jail Breaks,0,0,0,0,0
Nagaland,2006,Clashes/Group Clashes Etc,0,0,0,0,0
Nagaland,2006,Firings In Jail,0,0,0,0,0
Nagaland,2007,Jail Breaks,0,0,0,0,0
Nagaland,2007,Clashes/Group Clashes Etc,0,0,0,0,0
Nagaland,2007,Firings In Jail,0,0,0,0,0
Nagaland,2008,Jail Breaks,0,0,0,0,0
Nagaland,2008,Clashes/Group Clashes Etc,0,0,0,0,0
Nagaland,2008,Firings In Jail,0,0,0,0,0
Nagaland,2009,Jail Breaks,0,0,0,0,0
Nagaland,2009,Clashes/Group Clashes Etc,0,0,0,0,0
Nagaland,2009,Firings In Jail,0,0,0,0,0
Nagaland,2010,Jail Breaks,0,0,0,0,0
Nagaland,2010,Clashes/Group Clashes Etc,0,0,0,0,0
Nagaland,2010,Firings In Jail,0,0,0,0,0
Nagaland,2011,Jail Breaks,0,0,0,0,0
Nagaland,2011,Clashes/Group Clashes Etc,0,0,0,0,0
Nagaland,2011,Firings In Jail,0,0,0,0,0
Nagaland,2012,Jail Breaks,0,0,0,0,0
Nagaland,2012,Clashes/Group Clashes Etc,0,0,0,0,0
Nagaland,2012,Firings In Jail,0,0,0,0,0
Orissa,2001,Jail Breaks,0,0,0,0,0
Orissa,2001,Clashes/Group Clashes Etc,0,0,0,0,0
Orissa,2001,Firings In Jail,0,0,0,0,0
Orissa,2002,Jail Breaks,0,0,0,0,0
Orissa,2002,Clashes/Group Clashes Etc,0,0,0,0,0
Orissa,2002,Firings In Jail,0,0,0,0,0
Orissa,2003,Jail Breaks,0,0,0,0,0
Orissa,2003,Clashes/Group Clashes Etc,0,0,0,0,0
Orissa,2003,Firings In Jail,0,0,0,0,0
Orissa,2004,Jail Breaks,0,0,0,0,0
Orissa,2004,Clashes/Group Clashes Etc,0,0,0,0,0
Orissa,2004,Firings In Jail,0,0,0,0,0
Orissa,2005,Jail Breaks,0,0,0,0,0
Orissa,2005,Clashes/Group Clashes Etc,0,0,0,0,0
Orissa,2005,Firings In Jail,0,0,0,0,0
Orissa,2006,Jail Breaks,0,0,0,0,0
Orissa,2006,Clashes/Group Clashes Etc,0,0,0,0,0
Orissa,2006,Firings In Jail,0,0,0,0,0
Orissa,2007,Jail Breaks,0,0,0,0,0
Orissa,2007,Clashes/Group Clashes Etc,0,0,0,0,0
Orissa,2007,Firings In Jail,0,0,0,0,0
Orissa,2008,Jail Breaks,0,0,0,0,0
Orissa,2008,Clashes/Group Clashes Etc,0,0,0,0,0
Orissa,2008,Firings In Jail,0,0,0,0,0
Orissa,2009,Jail Breaks,0,0,0,0,0
Orissa,2009,Clashes/Group Clashes Etc,0,0,0,0,0
Orissa,2009,Firings In Jail,0,0,0,0,0
Orissa,2010,Jail Breaks,0,0,0,0,0
Orissa,2010,Clashes/Group Clashes Etc,0,0,0,0,0
Orissa,2010,Firings In Jail,0,0,0,0,0
Orissa,2011,Jail Breaks,0,0,0,0,0
Orissa,2011,Clashes/Group Clashes Etc,0,0,0,0,0
Orissa,2011,Firings In Jail,0,0,0,0,0
Orissa,2012,Jail Breaks,0,0,0,0,0
Orissa,2012,Clashes/Group Clashes Etc,0,0,0,0,0
Orissa,2012,Firings In Jail,0,0,0,0,0
Punjab,2001,Jail Breaks,0,0,0,0,0
Punjab,2001,Clashes/Group Clashes Etc,0,0,0,0,0
Punjab,2001,Firings In Jail,0,0,0,0,0
Punjab,2002,Jail Breaks,0,0,0,0,0
Punjab,2002,Clashes/Group Clashes Etc,0,0,0,0,0
Punjab,2002,Firings In Jail,0,0,0,0,0
Punjab,2003,Jail Breaks,0,0,0,0,0
Punjab,2003,Clashes/Group Clashes Etc,0,0,0,0,0
Punjab,2003,Firings In Jail,0,0,0,0,0
Punjab,2004,Jail Breaks,0,0,0,0,0
Punjab,2004,Clashes/Group Clashes Etc,0,0,0,0,0
Punjab,2004,Firings In Jail,0,0,0,0,0
Punjab,2005,Jail Breaks,0,0,0,0,0
Punjab,2005,Clashes/Group Clashes Etc,0,0,0,0,0
Punjab,2005,Firings In Jail,0,0,0,0,0
Punjab,2006,Jail Breaks,0,0,0,0,0
Punjab,2006,Clashes/Group Clashes Etc,0,0,0,0,0
Punjab,2006,Firings In Jail,0,0,0,0,0
Punjab,2007,Jail Breaks,1,0,0,0,0
Punjab,2007,Clashes/Group Clashes Etc,0,0,0,0,0
Punjab,2007,Firings In Jail,0,0,0,0,0
Punjab,2008,Jail Breaks,2,0,0,0,0
Punjab,2008,Clashes/Group Clashes Etc,5,8,0,0,0
Punjab,2008,Firings In Jail,1,0,0,0,0
Punjab,2009,Jail Breaks,0,0,0,0,0
Punjab,2009,Clashes/Group Clashes Etc,0,0,0,0,0
Punjab,2009,Firings In Jail,0,0,0,0,0
Punjab,2010,Jail Breaks,0,0,0,0,0
Punjab,2010,Clashes/Group Clashes Etc,2,0,0,2,0
Punjab,2010,Firings In Jail,0,0,0,0,0
Punjab,2011,Jail Breaks,0,0,0,0,0
Punjab,2011,Clashes/Group Clashes Etc,1,0,0,1,0
Punjab,2011,Firings In Jail,0,0,0,0,0
Punjab,2012,Jail Breaks,3,0,0,0,0
Punjab,2012,Clashes/Group Clashes Etc,1,0,0,0,0
Punjab,2012,Firings In Jail,0,0,0,0,0
Rajasthan,2001,Jail Breaks,1,0,0,1,0
Rajasthan,2001,Clashes/Group Clashes Etc,3,2,0,0,0
Rajasthan,2001,Firings In Jail,0,0,0,0,0
Rajasthan,2002,Jail Breaks,1,0,0,0,0
Rajasthan,2002,Clashes/Group Clashes Etc,1,17,0,0,0
Rajasthan,2002,Firings In Jail,0,0,0,0,0
Rajasthan,2003,Jail Breaks,2,0,1,0,0
Rajasthan,2003,Clashes/Group Clashes Etc,4,16,0,0,0
Rajasthan,2003,Firings In Jail,0,0,0,0,0
Rajasthan,2004,Jail Breaks,0,0,0,0,0
Rajasthan,2004,Clashes/Group Clashes Etc,2,4,0,0,0
Rajasthan,2004,Firings In Jail,0,0,0,0,0
Rajasthan,2005,Jail Breaks,0,0,0,0,0
Rajasthan,2005,Clashes/Group Clashes Etc,9,16,5,0,0
Rajasthan,2005,Firings In Jail,0,0,0,0,0
Rajasthan,2006,Jail Breaks,0,0,0,0,0
Rajasthan,2006,Clashes/Group Clashes Etc,0,0,0,0,0
Rajasthan,2006,Firings In Jail,0,0,0,0,0
Rajasthan,2007,Jail Breaks,1,5,2,0,0
Rajasthan,2007,Clashes/Group Clashes Etc,3,43,0,0,0
Rajasthan,2007,Firings In Jail,0,0,0,0,0
Rajasthan,2008,Jail Breaks,8,8,0,0,0
Rajasthan,2008,Clashes/Group Clashes Etc,17,20,0,0,0
Rajasthan,2008,Firings In Jail,0,0,0,0,0
Rajasthan,2009,Jail Breaks,1,0,0,0,0
Rajasthan,2009,Clashes/Group Clashes Etc,18,19,0,0,0
Rajasthan,2009,Firings In Jail,0,0,0,0,0
Rajasthan,2010,Jail Breaks,0,0,0,0,0
Rajasthan,2010,Clashes/Group Clashes Etc,39,38,3,0,0
Rajasthan,2010,Firings In Jail,0,0,0,0,0
Rajasthan,2011,Jail Breaks,27,8,2,0,0
Rajasthan,2011,Clashes/Group Clashes Etc,3,3,1,0,0
Rajasthan,2011,Firings In Jail,0,0,0,0,0
Rajasthan,2012,Jail Breaks,1,0,5,0,0
Rajasthan,2012,Clashes/Group Clashes Etc,11,6,0,0,0
Rajasthan,2012,Firings In Jail,0,0,0,0,0
Sikkim,2001,Jail Breaks,0,0,0,0,0
Sikkim,2001,Clashes/Group Clashes Etc,0,0,0,0,0
Sikkim,2001,Firings In Jail,0,0,0,0,0
Sikkim,2002,Jail Breaks,0,0,0,0,0
Sikkim,2002,Clashes/Group Clashes Etc,0,0,0,0,0
Sikkim,2002,Firings In Jail,0,0,0,0,0
Sikkim,2003,Jail Breaks,0,0,0,0,0
Sikkim,2003,Clashes/Group Clashes Etc,0,0,0,0,0
Sikkim,2003,Firings In Jail,0,0,0,0,0
Sikkim,2004,Jail Breaks,1,0,0,0,0
Sikkim,2004,Clashes/Group Clashes Etc,0,0,0,0,0
Sikkim,2004,Firings In Jail,0,0,0,0,0
Sikkim,2005,Jail Breaks,0,0,0,0,0
Sikkim,2005,Clashes/Group Clashes Etc,0,0,0,0,0
Sikkim,2005,Firings In Jail,0,0,0,0,0
Sikkim,2006,Jail Breaks,0,0,0,0,0
Sikkim,2006,Clashes/Group Clashes Etc,0,0,0,0,0
Sikkim,2006,Firings In Jail,0,0,0,0,0
Sikkim,2007,Jail Breaks,0,0,0,0,0
Sikkim,2007,Clashes/Group Clashes Etc,0,0,0,0,0
Sikkim,2007,Firings In Jail,0,0,0,0,0
Sikkim,2008,Jail Breaks,0,0,0,0,0
Sikkim,2008,Clashes/Group Clashes Etc,0,0,0,0,0
Sikkim,2008,Firings In Jail,0,0,0,0,0
Sikkim,2009,Jail Breaks,0,0,0,0,0
Sikkim,2009,Clashes/Group Clashes Etc,0,0,0,0,0
Sikkim,2009,Firings In Jail,0,0,0,0,0
Sikkim,2010,Jail Breaks,0,0,0,0,0
Sikkim,2010,Clashes/Group Clashes Etc,0,0,0,0,0
Sikkim,2010,Firings In Jail,0,0,0,0,0
Sikkim,2011,Jail Breaks,0,0,0,0,0
Sikkim,2011,Clashes/Group Clashes Etc,0,0,0,0,0
Sikkim,2011,Firings In Jail,0,0,0,0,0
Sikkim,2012,Jail Breaks,1,0,0,0,0
Sikkim,2012,Clashes/Group Clashes Etc,0,0,0,0,0
Sikkim,2012,Firings In Jail,0,0,0,0,0
Tamilnadu,2001,Jail Breaks,0,0,0,0,0
Tamilnadu,2001,Clashes/Group Clashes Etc,0,0,0,0,0
Tamilnadu,2001,Firings In Jail,0,0,0,0,0
Tamilnadu,2002,Jail Breaks,0,0,0,0,0
Tamilnadu,2002,Clashes/Group Clashes Etc,0,0,0,0,0
Tamilnadu,2002,Firings In Jail,0,0,0,0,0
Tamilnadu,2003,Jail Breaks,4,0,0,0,0
Tamilnadu,2003,Clashes/Group Clashes Etc,0,0,0,0,0
Tamilnadu,2003,Firings In Jail,0,0,0,0,0
Tamilnadu,2004,Jail Breaks,4,0,0,0,0
Tamilnadu,2004,Clashes/Group Clashes Etc,0,0,0,0,0
Tamilnadu,2004,Firings In Jail,0,0,0,0,0
Tamilnadu,2006,Jail Breaks,0,0,0,0,0
Tamilnadu,2006,Clashes/Group Clashes Etc,0,0,0,0,0
Tamilnadu,2006,Firings In Jail,0,0,0,0,0
Tamilnadu,2007,Jail Breaks,0,0,0,0,0
Tamilnadu,2007,Clashes/Group Clashes Etc,0,0,0,0,0
Tamilnadu,2007,Firings In Jail,0,0,0,0,0
Tamilnadu,2008,Jail Breaks,0,0,0,0,0
Tamilnadu,2008,Clashes/Group Clashes Etc,0,0,0,0,0
Tamilnadu,2008,Firings In Jail,0,0,0,0,0
Tamilnadu,2009,Jail Breaks,0,0,0,0,0
Tamilnadu,2009,Clashes/Group Clashes Etc,1,0,0,1,0
Tamilnadu,2009,Firings In Jail,0,0,0,0,0
Tamilnadu,2010,Jail Breaks,0,0,0,0,0
Tamilnadu,2010,Clashes/Group Clashes Etc,1,0,0,1,0
Tamilnadu,2010,Firings In Jail,0,0,0,0,0
Tamilnadu,2011,Jail Breaks,0,0,0,0,0
Tamilnadu,2011,Clashes/Group Clashes Etc,0,0,0,0,0
Tamilnadu,2011,Firings In Jail,0,0,0,0,0
Tamilnadu,2012,Jail Breaks,0,0,0,0,0
Tamilnadu,2012,Clashes/Group Clashes Etc,0,0,0,0,0
Tamilnadu,2012,Firings In Jail,0,0,0,0,0
Tripura,2001,Jail Breaks,1,0,4,0,0
Tripura,2001,Clashes/Group Clashes Etc,0,0,0,0,0
Tripura,2001,Firings In Jail,0,0,0,0,0
Tripura,2002,Jail Breaks,0,0,0,0,0
Tripura,2002,Clashes/Group Clashes Etc,0,0,0,0,0
Tripura,2002,Firings In Jail,0,0,0,0,0
Tripura,2003,Jail Breaks,0,0,0,0,0
Tripura,2003,Clashes/Group Clashes Etc,0,0,0,0,0
Tripura,2003,Firings In Jail,0,0,0,0,0
Tripura,2004,Jail Breaks,0,0,0,0,0
Tripura,2004,Clashes/Group Clashes Etc,0,0,0,0,0
Tripura,2004,Firings In Jail,0,0,0,0,0
Tripura,2005,Jail Breaks,0,0,0,0,0
Tripura,2005,Clashes/Group Clashes Etc,0,0,0,0,0
Tripura,2005,Firings In Jail,0,0,0,0,0
Tripura,2006,Jail Breaks,0,0,0,0,0
Tripura,2007,Jail Breaks,0,0,0,0,0
Tripura,2007,Clashes/Group Clashes Etc,0,0,0,0,0
Tripura,2007,Firings In Jail,0,0,0,0,0
Tripura,2008,Jail Breaks,0,0,0,0,0
Tripura,2008,Clashes/Group Clashes Etc,0,0,0,0,0
Tripura,2008,Firings In Jail,0,0,0,0,0
Tripura,2009,Jail Breaks,0,0,0,0,0
Tripura,2009,Clashes/Group Clashes Etc,0,0,0,0,0
Tripura,2009,Firings In Jail,0,0,0,0,0
Tripura,2010,Jail Breaks,0,0,0,0,0
Tripura,2010,Clashes/Group Clashes Etc,0,0,0,0,0
Tripura,2010,Firings In Jail,0,0,0,0,0
Tripura,2011,Jail Breaks,0,0,0,0,0
Tripura,2011,Clashes/Group Clashes Etc,0,0,0,0,0
Tripura,2011,Firings In Jail,0,0,0,0,0
Tripura,2012,Jail Breaks,0,0,0,0,0
Tripura,2012,Clashes/Group Clashes Etc,0,0,0,0,0
Tripura,2012,Firings In Jail,0,0,0,0,0
Uttar Pradesh,2001,Jail Breaks,1,1,0,0,0
Uttar Pradesh,2001,Clashes/Group Clashes Etc,0,0,0,0,0
Uttar Pradesh,2001,Firings In Jail,24,7,17,0,0
Uttar Pradesh,2002,Jail Breaks,4,0,0,0,0
Uttar Pradesh,2002,Clashes/Group Clashes Etc,3,21,2,0,0
Uttar Pradesh,2002,Firings In Jail,0,0,0,0,0
Uttar Pradesh,2003,Jail Breaks,2,6,8,0,0
Uttar Pradesh,2003,Clashes/Group Clashes Etc,0,0,0,0,0
Uttar Pradesh,2003,Firings In Jail,1,0,0,0,0
Uttar Pradesh,2004,Jail Breaks,0,0,0,0,0
Uttar Pradesh,2004,Clashes/Group Clashes Etc,0,0,0,0,0
Uttar Pradesh,2004,Firings In Jail,0,0,0,0,0
Uttar Pradesh,2005,Jail Breaks,0,0,0,0,0
Uttar Pradesh,2005,Clashes/Group Clashes Etc,1,0,0,1,0
Uttar Pradesh,2005,Firings In Jail,0,0,0,0,0
Uttar Pradesh,2006,Jail Breaks,0,0,0,0,0
Uttar Pradesh,2006,Clashes/Group Clashes Etc,1,0,1,0,0
Uttar Pradesh,2006,Firings In Jail,0,0,0,0,0
Uttar Pradesh,2007,Jail Breaks,1,7,3,0,0
Uttar Pradesh,2007,Clashes/Group Clashes Etc,0,0,0,0,0
Uttar Pradesh,2007,Firings In Jail,0,0,0,0,0
Uttar Pradesh,2008,Jail Breaks,0,0,0,0,0
Uttar Pradesh,2008,Clashes/Group Clashes Etc,16,81,9,0,0
Uttar Pradesh,2008,Firings In Jail,0,0,0,0,0
Uttar Pradesh,2009,Jail Breaks,0,0,0,0,0
Uttar Pradesh,2009,Clashes/Group Clashes Etc,22,48,5,0,0
Uttar Pradesh,2009,Firings In Jail,0,0,0,0,0
Uttar Pradesh,2010,Jail Breaks,1,0,0,0,0
Uttar Pradesh,2010,Clashes/Group Clashes Etc,4,17,9,2,0
Uttar Pradesh,2010,Firings In Jail,0,0,0,0,0
Uttar Pradesh,2011,Jail Breaks,0,0,0,0,0
Uttar Pradesh,2011,Clashes/Group Clashes Etc,5,18,0,0,0
Uttar Pradesh,2011,Firings In Jail,0,0,0,0,0
Uttar Pradesh,2012,Jail Breaks,0,0,0,0,0
Uttar Pradesh,2012,Clashes/Group Clashes Etc,3,13,0,0,0
Uttar Pradesh,2012,Firings In Jail,0,0,0,0,0
Uttaranchal,2001,Jail Breaks,0,0,0,0,0
Uttaranchal,2001,Clashes/Group Clashes Etc,3,5,3,0,0
Uttaranchal,2001,Firings In Jail,0,0,0,0,0
Uttaranchal,2002,Jail Breaks,0,0,0,0,0
Uttaranchal,2002,Clashes/Group Clashes Etc,0,0,0,0,0
Uttaranchal,2002,Firings In Jail,0,0,0,0,0
Uttaranchal,2003,Jail Breaks,0,0,0,0,0
Uttaranchal,2003,Clashes/Group Clashes Etc,0,0,0,0,0
Uttaranchal,2003,Firings In Jail,0,0,0,0,0
Uttaranchal,2004,Jail Breaks,0,0,0,0,0
Uttaranchal,2004,Clashes/Group Clashes Etc,0,0,0,0,0
Uttaranchal,2004,Firings In Jail,0,0,0,0,0
Uttaranchal,2005,Jail Breaks,0,0,0,0,0
Uttaranchal,2005,Clashes/Group Clashes Etc,0,0,0,0,0
Uttaranchal,2005,Firings In Jail,0,0,0,0,0
Uttaranchal,2006,Jail Breaks,0,0,0,0,0
Uttaranchal,2006,Clashes/Group Clashes Etc,0,0,0,0,0
Uttaranchal,2006,Firings In Jail,0,0,0,0,0
Uttaranchal,2007,Jail Breaks,0,0,0,0,0
Uttaranchal,2007,Clashes/Group Clashes Etc,0,0,0,0,0
Uttaranchal,2007,Firings In Jail,0,0,0,0,0
Uttaranchal,2008,Jail Breaks,0,0,0,0,0
Uttaranchal,2008,Clashes/Group Clashes Etc,0,0,0,0,0
Uttaranchal,2008,Firings In Jail,0,0,0,0,0
Uttaranchal,2009,Jail Breaks,0,0,0,0,0
Uttaranchal,2009,Clashes/Group Clashes Etc,0,0,0,0,0
Uttaranchal,2009,Firings In Jail,0,0,0,0,0
Uttaranchal,2010,Jail Breaks,0,0,0,0,0
Uttaranchal,2010,Clashes/Group Clashes Etc,0,0,0,0,0
Uttaranchal,2010,Firings In Jail,0,0,0,0,0
Uttaranchal,2011,Jail Breaks,0,0,0,0,0
Uttaranchal,2011,Clashes/Group Clashes Etc,0,0,0,0,0
Uttaranchal,2011,Firings In Jail,0,0,0,0,0
Uttaranchal,2012,Jail Breaks,0,0,0,0,0
Uttaranchal,2012,Clashes/Group Clashes Etc,0,0,0,0,0
Uttaranchal,2012,Firings In Jail,0,0,0,0,0
West Bengal,2001,Jail Breaks,0,0,0,0,0
West Bengal,2001,Clashes/Group Clashes Etc,1,5,0,0,0
West Bengal,2001,Firings In Jail,0,0,0,0,0
West Bengal,2002,Jail Breaks,0,0,0,0,0
West Bengal,2002,Clashes/Group Clashes Etc,3,3,5,0,0
West Bengal,2002,Firings In Jail,0,0,0,0,0
West Bengal,2003,Jail Breaks,0,0,0,0,0
West Bengal,2003,Clashes/Group Clashes Etc,1,1,3,0,0
West Bengal,2003,Firings In Jail,0,0,0,0,0
West Bengal,2004,Jail Breaks,0,0,0,0,0
West Bengal,2004,Clashes/Group Clashes Etc,0,0,0,0,0
West Bengal,2004,Firings In Jail,0,0,0,0,0
West Bengal,2005,Jail Breaks,0,0,0,0,0
West Bengal,2005,Clashes/Group Clashes Etc,0,0,0,0,0
West Bengal,2005,Firings In Jail,0,0,0,0,0
West Bengal,2006,Jail Breaks,0,0,0,0,0
West Bengal,2006,Clashes/Group Clashes Etc,3,4,1,0,0
West Bengal,2006,Firings In Jail,0,0,0,0,0
West Bengal,2007,Jail Breaks,0,0,0,0,0
West Bengal,2007,Clashes/Group Clashes Etc,5,7,7,0,0
West Bengal,2007,Firings In Jail,0,0,0,0,0
West Bengal,2008,Jail Breaks,0,0,0,0,0
West Bengal,2008,Clashes/Group Clashes Etc,1,26,2,1,0
West Bengal,2008,Firings In Jail,0,0,0,0,0
West Bengal,2009,Jail Breaks,1,1,5,0,0
West Bengal,2009,Clashes/Group Clashes Etc,0,0,0,0,0
West Bengal,2009,Firings In Jail,0,0,0,0,0
West Bengal,2010,Jail Breaks,0,0,0,0,0
West Bengal,2010,Clashes/Group Clashes Etc,1,2,0,0,0
West Bengal,2010,Firings In Jail,0,0,0,0,0
West Bengal,2011,Jail Breaks,0,0,0,0,0
West Bengal,2011,Clashes/Group Clashes Etc,3,27,9,0,0
West Bengal,2011,Firings In Jail,0,0,0,0,0
West Bengal,2012,Jail Breaks,0,0,0,0,0
West Bengal,2012,Clashes/Group Clashes Etc,7,12,2,0,0
West Bengal,2012,Firings In Jail,0,0,0,0,0
A & N Islands,2001,Jail Breaks,0,0,0,0,0
A & N Islands,2001,Clashes/Group Clashes Etc,0,0,0,0,0
A & N Islands,2001,Firings In Jail,0,0,0,0,0
A & N Islands,2002,Jail Breaks,0,0,0,0,0
A & N Islands,2002,Clashes/Group Clashes Etc,0,0,0,0,0
A & N Islands,2002,Firings In Jail,0,0,0,0,0
A & N Islands,2003,Jail Breaks,0,0,0,0,0
A & N Islands,2003,Clashes/Group Clashes Etc,0,0,0,0,0
A & N Islands,2003,Firings In Jail,0,0,0,0,0
A & N Islands,2004,Jail Breaks,0,0,0,0,0
A & N Islands,2004,Clashes/Group Clashes Etc,0,0,0,0,0
A & N Islands,2004,Firings In Jail,0,0,0,0,0
A & N Islands,2005,Jail Breaks,0,0,0,0,0
A & N Islands,2005,Clashes/Group Clashes Etc,0,0,0,0,0
A & N Islands,2005,Firings In Jail,0,0,0,0,0
A & N Islands,2006,Jail Breaks,0,0,0,0,0
A & N Islands,2006,Clashes/Group Clashes Etc,0,0,0,0,0
A & N Islands,2006,Firings In Jail,0,0,0,0,0
A & N Islands,2007,Jail Breaks,0,0,0,0,0
A & N Islands,2007,Clashes/Group Clashes Etc,0,0,0,0,0
A & N Islands,2007,Firings In Jail,0,0,0,0,0
A & N Islands,2008,Jail Breaks,0,0,0,0,0
A & N Islands,2008,Clashes/Group Clashes Etc,0,0,0,0,0
A & N Islands,2008,Firings In Jail,0,0,0,0,0
A & N Islands,2009,Jail Breaks,0,0,0,0,0
A & N Islands,2009,Clashes/Group Clashes Etc,0,0,0,0,0
A & N Islands,2009,Firings In Jail,0,0,0,0,0
A & N Islands,2010,Jail Breaks,0,0,0,0,0
A & N Islands,2010,Clashes/Group Clashes Etc,0,0,0,0,0
A & N Islands,2010,Firings In Jail,0,0,0,0,0
A & N Islands,2011,Jail Breaks,0,0,0,0,0
A & N Islands,2011,Clashes/Group Clashes Etc,0,0,0,0,0
A & N Islands,2011,Firings In Jail,0,0,0,0,0
A & N Islands,2012,Jail Breaks,0,0,0,0,0
A & N Islands,2012,Clashes/Group Clashes Etc,0,0,0,0,0
A & N Islands,2012,Firings In Jail,0,0,0,0,0
Chandigarh,2001,Jail Breaks,0,0,0,0,0
Chandigarh,2001,Clashes/Group Clashes Etc,0,0,0,0,0
Chandigarh,2001,Firings In Jail,0,0,0,0,0
Chandigarh,2002,Jail Breaks,0,0,0,0,0
Chandigarh,2002,Clashes/Group Clashes Etc,0,0,0,0,0
Chandigarh,2002,Firings In Jail,0,0,0,0,0
Chandigarh,2003,Jail Breaks,0,0,0,0,0
Chandigarh,2003,Clashes/Group Clashes Etc,0,0,0,0,0
Chandigarh,2003,Firings In Jail,0,0,0,0,0
Chandigarh,2004,Jail Breaks,1,0,0,0,0
Chandigarh,2004,Clashes/Group Clashes Etc,0,0,0,0,0
Chandigarh,2004,Firings In Jail,0,0,0,0,0
Chandigarh,2005,Jail Breaks,1,0,0,0,0
Chandigarh,2005,Clashes/Group Clashes Etc,0,0,0,0,0
Chandigarh,2005,Firings In Jail,0,0,0,0,0
Chandigarh,2006,Jail Breaks,1,0,0,0,0
Chandigarh,2006,Clashes/Group Clashes Etc,0,0,0,0,0
Chandigarh,2006,Firings In Jail,0,0,0,0,0
Chandigarh,2007,Jail Breaks,0,0,0,0,0
Chandigarh,2007,Clashes/Group Clashes Etc,0,0,0,0,0
Chandigarh,2007,Firings In Jail,0,0,0,0,0
Chandigarh,2008,Jail Breaks,0,0,0,0,0
Chandigarh,2008,Clashes/Group Clashes Etc,0,0,0,0,0
Chandigarh,2008,Firings In Jail,0,0,0,0,0
Chandigarh,2009,Jail Breaks,0,0,0,0,0
Chandigarh,2009,Clashes/Group Clashes Etc,0,0,0,0,0
Chandigarh,2009,Firings In Jail,0,0,0,0,0
Chandigarh,2010,Jail Breaks,0,0,0,0,0
Chandigarh,2010,Clashes/Group Clashes Etc,0,0,0,0,0
Chandigarh,2010,Firings In Jail,0,0,0,0,0
Chandigarh,2011,Jail Breaks,0,0,0,0,0
Chandigarh,2011,Clashes/Group Clashes Etc,0,0,0,0,0
Chandigarh,2011,Firings In Jail,0,0,0,0,0
Chandigarh,2012,Jail Breaks,0,0,0,0,0
Chandigarh,2012,Clashes/Group Clashes Etc,0,0,0,0,0
Chandigarh,2012,Firings In Jail,0,0,0,0,0
D & N Haveli,2001,Jail Breaks,0,0,0,0,0
D & N Haveli,2001,Clashes/Group Clashes Etc,0,0,0,0,0
D & N Haveli,2001,Firings In Jail,0,0,0,0,0
D & N Haveli,2002,Jail Breaks,0,0,0,0,0
D & N Haveli,2002,Clashes/Group Clashes Etc,0,0,0,0,0
D & N Haveli,2002,Firings In Jail,0,0,0,0,0
D & N Haveli,2003,Jail Breaks,0,0,0,0,0
D & N Haveli,2003,Clashes/Group Clashes Etc,0,0,0,0,0
D & N Haveli,2003,Firings In Jail,0,0,0,0,0
D & N Haveli,2004,Jail Breaks,0,0,0,0,0
D & N Haveli,2004,Clashes/Group Clashes Etc,0,0,0,0,0
D & N Haveli,2004,Firings In Jail,0,0,0,0,0
D & N Haveli,2005,Jail Breaks,0,0,0,0,0
D & N Haveli,2005,Clashes/Group Clashes Etc,0,0,0,0,0
D & N Haveli,2005,Firings In Jail,0,0,0,0,0
D & N Haveli,2006,Jail Breaks,0,0,0,0,0
D & N Haveli,2006,Clashes/Group Clashes Etc,0,0,0,0,0
D & N Haveli,2006,Firings In Jail,0,0,0,0,0
D & N Haveli,2007,Jail Breaks,0,0,0,0,0
D & N Haveli,2007,Clashes/Group Clashes Etc,0,0,0,0,0
D & N Haveli,2007,Firings In Jail,0,0,0,0,0
D & N Haveli,2008,Jail Breaks,0,0,0,0,0
D & N Haveli,2008,Clashes/Group Clashes Etc,0,0,0,0,0
D & N Haveli,2008,Firings In Jail,0,0,0,0,0
D & N Haveli,2009,Jail Breaks,0,0,0,0,0
D & N Haveli,2009,Clashes/Group Clashes Etc,0,0,0,0,0
D & N Haveli,2009,Firings In Jail,0,0,0,0,0
D & N Haveli,2010,Jail Breaks,0,0,0,0,0
D & N Haveli,2010,Clashes/Group Clashes Etc,0,0,0,0,0
D & N Haveli,2010,Firings In Jail,0,0,0,0,0
D & N Haveli,2011,Jail Breaks,0,0,0,0,0
D & N Haveli,2011,Clashes/Group Clashes Etc,0,0,0,0,0
D & N Haveli,2011,Firings In Jail,0,0,0,0,0
D & N Haveli,2012,Jail Breaks,0,0,0,0,0
D & N Haveli,2012,Clashes/Group Clashes Etc,0,0,0,0,0
D & N Haveli,2012,Firings In Jail,0,0,0,0,0
Daman & Diu,2001,Jail Breaks,0,0,0,0,0
Daman & Diu,2001,Clashes/Group Clashes Etc,0,0,0,0,0
Daman & Diu,2001,Firings In Jail,0,0,0,0,0
Daman & Diu,2002,Jail Breaks,0,0,0,0,0
Daman & Diu,2002,Clashes/Group Clashes Etc,0,0,0,0,0
Daman & Diu,2002,Firings In Jail,0,0,0,0,0
Daman & Diu,2003,Jail Breaks,0,0,0,0,0
Daman & Diu,2003,Clashes/Group Clashes Etc,0,0,0,0,0
Daman & Diu,2003,Firings In Jail,0,0,0,0,0
Daman & Diu,2004,Jail Breaks,0,0,0,0,0
Daman & Diu,2004,Clashes/Group Clashes Etc,0,0,0,0,0
Daman & Diu,2004,Firings In Jail,0,0,0,0,0
Daman & Diu,2005,Jail Breaks,0,0,0,0,0
Daman & Diu,2005,Clashes/Group Clashes Etc,0,0,0,0,0
Daman & Diu,2005,Firings In Jail,0,0,0,0,0
Daman & Diu,2006,Jail Breaks,0,0,0,0,0
Daman & Diu,2006,Clashes/Group Clashes Etc,0,0,0,0,0
Daman & Diu,2006,Firings In Jail,0,0,0,0,0
Daman & Diu,2007,Jail Breaks,0,0,0,0,0
Daman & Diu,2007,Clashes/Group Clashes Etc,0,0,0,0,0
Daman & Diu,2007,Firings In Jail,0,0,0,0,0
Daman & Diu,2008,Jail Breaks,0,0,0,0,0
Daman & Diu,2008,Clashes/Group Clashes Etc,0,0,0,0,0
Daman & Diu,2008,Firings In Jail,0,0,0,0,0
Daman & Diu,2009,Jail Breaks,0,0,0,0,0
Daman & Diu,2009,Clashes/Group Clashes Etc,0,0,0,0,0
Daman & Diu,2009,Firings In Jail,0,0,0,0,0
Daman & Diu,2010,Jail Breaks,0,0,0,0,0
Daman & Diu,2010,Clashes/Group Clashes Etc,0,0,0,0,0
Daman & Diu,2010,Firings In Jail,0,0,0,0,0
Daman & Diu,2011,Jail Breaks,0,0,0,0,0
Daman & Diu,2011,Clashes/Group Clashes Etc,0,0,0,0,0
Daman & Diu,2011,Firings In Jail,0,0,0,0,0
Daman & Diu,2012,Jail Breaks,0,0,0,0,0
Daman & Diu,2012,Clashes/Group Clashes Etc,0,0,0,0,0
Daman & Diu,2012,Firings In Jail,0,0,0,0,0
Delhi,2001,Jail Breaks,0,0,0,0,0
Delhi,2001,Clashes/Group Clashes Etc,0,0,0,0,0
Delhi,2001,Firings In Jail,0,0,0,0,0
Delhi,2002,Jail Breaks,0,0,0,0,0
Delhi,2002,Clashes/Group Clashes Etc,0,0,0,0,0
Delhi,2002,Firings In Jail,0,0,0,0,0
Delhi,2003,Jail Breaks,0,0,0,0,0
Delhi,2003,Clashes/Group Clashes Etc,0,0,0,0,0
Delhi,2003,Firings In Jail,0,0,0,0,0
Delhi,2004,Jail Breaks,0,0,0,0,0
Delhi,2004,Clashes/Group Clashes Etc,0,0,0,0,0
Delhi,2004,Firings In Jail,0,0,0,0,0
Delhi,2005,Jail Breaks,0,0,0,0,0
Delhi,2005,Clashes/Group Clashes Etc,0,0,0,0,0
Delhi,2005,Firings In Jail,0,0,0,0,0
Delhi,2006,Jail Breaks,0,0,0,0,0
Delhi,2006,Clashes/Group Clashes Etc,0,0,0,0,0
Delhi,2006,Firings In Jail,0,0,0,0,0
Delhi,2007,Jail Breaks,0,0,0,0,0
Delhi,2007,Clashes/Group Clashes Etc,0,0,0,0,0
Delhi,2007,Firings In Jail,0,0,0,0,0
Delhi,2008,Jail Breaks,0,0,0,0,0
Delhi,2008,Clashes/Group Clashes Etc,0,0,0,0,0
Delhi,2008,Firings In Jail,0,0,0,0,0
Delhi,2009,Jail Breaks,0,0,0,0,0
Delhi,2009,Clashes/Group Clashes Etc,0,0,0,0,0
Delhi,2009,Firings In Jail,0,0,0,0,0
Delhi,2010,Jail Breaks,0,0,0,0,0
Delhi,2010,Clashes/Group Clashes Etc,2,6,0,0,0
Delhi,2010,Firings In Jail,0,0,0,0,0
Delhi,2011,Jail Breaks,0,0,0,0,0
Delhi,2011,Clashes/Group Clashes Etc,7,9,0,2,0
Delhi,2011,Firings In Jail,0,0,0,0,0
Delhi,2012,Jail Breaks,0,0,0,0,0
Delhi,2012,Clashes/Group Clashes Etc,99,126,2,0,0
Delhi,2012,Firings In Jail,0,0,0,0,0
Lakshadweep,2001,Jail Breaks,0,0,0,0,0
Lakshadweep,2001,Clashes/Group Clashes Etc,0,0,0,0,0
Lakshadweep,2001,Firings In Jail,0,0,0,0,0
Lakshadweep,2002,Jail Breaks,0,0,0,0,0
Lakshadweep,2002,Clashes/Group Clashes Etc,0,0,0,0,0
Lakshadweep,2002,Firings In Jail,0,0,0,0,0
Lakshadweep,2003,Jail Breaks,0,0,0,0,0
Lakshadweep,2003,Clashes/Group Clashes Etc,0,0,0,0,0
Lakshadweep,2003,Firings In Jail,0,0,0,0,0
Lakshadweep,2004,Jail Breaks,0,0,0,0,0
Lakshadweep,2004,Clashes/Group Clashes Etc,0,0,0,0,0
Lakshadweep,2004,Firings In Jail,0,0,0,0,0
Lakshadweep,2005,Jail Breaks,0,0,0,0,0
Lakshadweep,2005,Clashes/Group Clashes Etc,0,0,0,0,0
Lakshadweep,2005,Firings In Jail,0,0,0,0,0
Lakshadweep,2006,Jail Breaks,0,0,0,0,0
Lakshadweep,2006,Clashes/Group Clashes Etc,0,0,0,0,0
Lakshadweep,2006,Firings In Jail,0,0,0,0,0
Lakshadweep,2007,Jail Breaks,0,0,0,0,0
Lakshadweep,2007,Clashes/Group Clashes Etc,0,0,0,0,0
Lakshadweep,2007,Firings In Jail,0,0,0,0,0
Lakshadweep,2008,Jail Breaks,0,0,0,0,0
Lakshadweep,2008,Clashes/Group Clashes Etc,0,0,0,0,0
Lakshadweep,2008,Firings In Jail,0,0,0,0,0
Lakshadweep,2009,Jail Breaks,0,0,0,0,0
Lakshadweep,2009,Clashes/Group Clashes Etc,0,0,0,0,0
Lakshadweep,2009,Firings In Jail,0,0,0,0,0
Lakshadweep,2010,Jail Breaks,0,0,0,0,0
Lakshadweep,2010,Clashes/Group Clashes Etc,0,0,0,0,0
Lakshadweep,2010,Firings In Jail,0,0,0,0,0
Lakshadweep,2011,Jail Breaks,0,0,0,0,0
Lakshadweep,2011,Clashes/Group Clashes Etc,0,0,0,0,0
Lakshadweep,2011,Firings In Jail,0,0,0,0,0
Lakshadweep,2012,Jail Breaks,0,0,0,0,0
Lakshadweep,2012,Clashes/Group Clashes Etc,0,0,0,0,0
Lakshadweep,2012,Firings In Jail,0,0,0,0,0
Pondicherry,2001,Jail Breaks,0,0,0,0,0
Pondicherry,2001,Clashes/Group Clashes Etc,0,0,0,0,0
Pondicherry,2001,Firings In Jail,0,0,0,0,0
Pondicherry,2002,Jail Breaks,0,0,0,0,0
Pondicherry,2002,Clashes/Group Clashes Etc,0,0,0,0,0
Pondicherry,2002,Firings In Jail,0,0,0,0,0
Pondicherry,2003,Jail Breaks,0,0,0,0,0
Pondicherry,2003,Clashes/Group Clashes Etc,0,0,0,0,0
Pondicherry,2003,Firings In Jail,0,0,0,0,0
Pondicherry,2004,Jail Breaks,0,0,0,0,0
Pondicherry,2004,Clashes/Group Clashes Etc,0,0,0,0,0
Pondicherry,2004,Firings In Jail,0,0,0,0,0
Pondicherry,2005,Jail Breaks,0,0,0,0,0
Pondicherry,2005,Clashes/Group Clashes Etc,0,0,0,0,0
Pondicherry,2005,Firings In Jail,0,0,0,0,0
Pondicherry,2006,Jail Breaks,0,0,0,0,0
Pondicherry,2006,Clashes/Group Clashes Etc,0,0,0,0,0
Pondicherry,2006,Firings In Jail,0,0,0,0,0
Pondicherry,2007,Jail Breaks,0,0,0,0,0
Pondicherry,2007,Clashes/Group Clashes Etc,0,0,0,0,0
Pondicherry,2007,Firings In Jail,0,0,0,0,0
Pondicherry,2008,Jail Breaks,0,0,0,0,0
Pondicherry,2008,Clashes/Group Clashes Etc,0,0,0,0,0
Pondicherry,2008,Firings In Jail,0,0,0,0,0
Pondicherry,2009,Jail Breaks,0,0,0,0,0
Pondicherry,2009,Clashes/Group Clashes Etc,0,0,0,0,0
Pondicherry,2009,Firings In Jail,0,0,0,0,0
Pondicherry,2010,Jail Breaks,0,0,0,0,0
Pondicherry,2010,Clashes/Group Clashes Etc,0,0,0,0,0
Pondicherry,2010,Firings In Jail,0,0,0,0,0
Pondicherry,2011,Jail Breaks,0,0,0,0,0
Pondicherry,2011,Clashes/Group Clashes Etc,0,0,0,0,0
Pondicherry,2011,Firings In Jail,0,0,0,0,0
Pondicherry,2012,Jail Breaks,0,0,0,0,0
Pondicherry,2012,Clashes/Group Clashes Etc,0,0,0,0,0
Pondicherry,2012,Firings In Jail,0,0,0,0,0
Andhra Pradesh,2013,Jail Breaks,0,0,0,0,0
Andhra Pradesh,2013,Clashes/Group Clashes Etc,0,0,0,0,0
Andhra Pradesh,2013,Firings In Jail,0,0,0,0,0
Arunachal Pradesh,2013,Jail Breaks,0,0,0,0,0
Arunachal Pradesh,2013,Clashes/Group Clashes Etc,0,0,0,0,0
Arunachal Pradesh,2013,Firings In Jail,0,0,0,0,0
Assam,2013,Jail Breaks,0,0,0,0,0
Assam,2013,Clashes/Group Clashes Etc,0,0,0,0,0
Assam,2013,Firings In Jail,0,0,0,0,0
Bihar,2013,Jail Breaks,0,0,0,0,0
Bihar,2013,Clashes/Group Clashes Etc,5,17,0,0,0
Bihar,2013,Firings In Jail,0,0,0,0,0
Chhatisgarh,2013,Jail Breaks,0,0,0,0,0
Chhatisgarh,2013,Clashes/Group Clashes Etc,0,0,0,1,0
Chhatisgarh,2013,Firings In Jail,0,0,0,0,0
Goa,2013,Jail Breaks,0,0,0,0,0
Goa,2013,Clashes/Group Clashes Etc,0,0,0,0,0
Goa,2013,Firings In Jail,0,0,0,0,0
Gujarat,2013,Jail Breaks,0,0,0,0,0
Gujarat,2013,Clashes/Group Clashes Etc,0,0,0,0,0
Gujarat,2013,Firings In Jail,0,0,0,0,0
Haryana,2013,Jail Breaks,0,0,0,0,0
Haryana,2013,Clashes/Group Clashes Etc,13,28,1,0,0
Haryana,2013,Firings In Jail,0,0,0,0,0
Himachal Pradesh,2013,Jail Breaks,0,0,0,0,0
Himachal Pradesh,2013,Clashes/Group Clashes Etc,0,0,0,0,0
Himachal Pradesh,2013,Firings In Jail,0,0,0,0,0
Jammu & Kashmir,2013,Jail Breaks,0,0,0,0,0
Jammu & Kashmir,2013,Clashes/Group Clashes Etc,1,1,0,0,0
Jammu & Kashmir,2013,Firings In Jail,0,0,0,0,0
Jharkhand,2013,Jail Breaks,0,0,0,0,0
Jharkhand,2013,Clashes/Group Clashes Etc,1,0,1,0,0
Jharkhand,2013,Firings In Jail,0,0,0,0,0
Karnataka,2013,Jail Breaks,0,0,0,0,0
Karnataka,2013,Clashes/Group Clashes Etc,2,2,2,0,0
Karnataka,2013,Firings In Jail,0,0,0,0,0
Kerala,2013,Jail Breaks,0,0,0,0,0
Kerala,2013,Clashes/Group Clashes Etc,3,3,2,0,0
Kerala,2013,Firings In Jail,0,0,0,0,0
Madhya Pradesh,2013,Jail Breaks,2,0,0,0,0
Madhya Pradesh,2013,Clashes/Group Clashes Etc,13,2,1,1,0
Madhya Pradesh,2013,Firings In Jail,0,0,0,0,0
Maharashtra,2013,Jail Breaks,0,0,0,0,0
Maharashtra,2013,Clashes/Group Clashes Etc,6,4,2,0,0
Maharashtra,2013,Firings In Jail,1,1,0,0,0
Manipur,2013,Jail Breaks,0,0,0,0,0
Manipur,2013,Clashes/Group Clashes Etc,0,0,0,0,0
Manipur,2013,Firings In Jail,0,0,0,0,0
Meghalaya,2013,Jail Breaks,1,1,0,1,0
Meghalaya,2013,Clashes/Group Clashes Etc,0,0,0,0,0
Meghalaya,2013,Firings In Jail,0,0,0,0,0
Mizoram,2013,Jail Breaks,0,0,0,0,0
Mizoram,2013,Clashes/Group Clashes Etc,0,0,0,0,0
Mizoram,2013,Firings In Jail,0,0,0,0,0
Nagaland,2013,Jail Breaks,0,0,0,0,0
Nagaland,2013,Clashes/Group Clashes Etc,0,0,0,0,0
Nagaland,2013,Firings In Jail,0,0,0,0,0
Orissa,2013,Jail Breaks,0,0,0,0,0
Orissa,2013,Clashes/Group Clashes Etc,2,1,0,0,0
Orissa,2013,Firings In Jail,1,0,0,1,0
Punjab,2013,Jail Breaks,0,0,0,0,0
Punjab,2013,Clashes/Group Clashes Etc,2,4,0,0,0
Punjab,2013,Firings In Jail,0,0,0,0,0
Rajasthan,2013,Jail Breaks,1,1,1,0,0
Rajasthan,2013,Clashes/Group Clashes Etc,25,8,1,0,0
Rajasthan,2013,Firings In Jail,1,1,0,0,0
Sikkim,2013,Jail Breaks,0,0,0,0,0
Sikkim,2013,Clashes/Group Clashes Etc,0,0,0,0,0
Sikkim,2013,Firings In Jail,0,0,0,0,0
Tamilnadu,2013,Jail Breaks,0,0,0,0,0
Tamilnadu,2013,Clashes/Group Clashes Etc,0,0,0,0,0
Tamilnadu,2013,Firings In Jail,0,0,0,0,0
Tripura,2013,Jail Breaks,0,0,0,0,0
Tripura,2013,Clashes/Group Clashes Etc,0,0,0,0,0
Tripura,2013,Firings In Jail,0,0,0,0,0
Uttar Pradesh,2013,Jail Breaks,1,0,0,0,0
Uttar Pradesh,2013,Clashes/Group Clashes Etc,2,4,1,0,0
Uttar Pradesh,2013,Firings In Jail,0,0,0,0,0
Uttaranchal,2013,Jail Breaks,0,0,0,0,0
Uttaranchal,2013,Clashes/Group Clashes Etc,0,0,0,0,0
Uttaranchal,2013,Firings In Jail,0,0,0,0,0
West Bengal,2013,Jail Breaks,0,0,0,0,0
West Bengal,2013,Clashes/Group Clashes Etc,22,24,1,0,0
West Bengal,2013,Firings In Jail,0,0,0,0,0
A & N Islands,2013,Jail Breaks,0,0,0,0,0
A & N Islands,2013,Clashes/Group Clashes Etc,0,0,0,0,0
A & N Islands,2013,Firings In Jail,0,0,0,0,0
Chandigarh,2013,Jail Breaks,0,0,0,0,0
Chandigarh,2013,Clashes/Group Clashes Etc,0,0,0,0,0
Chandigarh,2013,Firings In Jail,0,0,0,0,0
D & N Haveli,2013,Jail Breaks,0,0,0,0,0
D & N Haveli,2013,Clashes/Group Clashes Etc,0,0,0,0,0
D & N Haveli,2013,Firings In Jail,0,0,0,0,0
Daman & Diu,2013,Jail Breaks,0,0,0,0,0
Daman & Diu,2013,Clashes/Group Clashes Etc,0,0,0,0,0
Daman & Diu,2013,Firings In Jail,0,0,0,0,0
Delhi,2013,Jail Breaks,0,0,0,0,0
Delhi,2013,Clashes/Group Clashes Etc,106,194,0,1,0
Delhi,2013,Firings In Jail,0,0,0,0,0
Lakshadweep,2013,Jail Breaks,0,0,0,0,0
Lakshadweep,2013,Clashes/Group Clashes Etc,0,0,0,0,0
Lakshadweep,2013,Firings In Jail,0,0,0,0,0
Pondicherry,2013,Jail Breaks,0,0,0,0,0
Pondicherry,2013,Clashes/Group Clashes Etc,0,0,0,0,0
Pondicherry,2013,Firings In Jail,0,0,0,0,0
